2048 2048
4096
514 1317 496 1317 496 1377 428 1377
1956 1512 1956 1567 1942 1567 1942 1598 1928 1598
1491 535 1491 584 1490 584 1490 657
1928 1637 2012 1637 2012 1703 2028 1703 2028 1757
1124 1456 1137 1456 1137 1394 1169 1394
1366 1091 1366 1011 1219 1011 1219 953
549 1844 488 1844 488 1822 385 1822 385 1821
1395 328 1396 328 1396 397 1542 397
1273 236 1273 104 1257 104 1257 81 1237 81
829 1838 829 1858 932 1858 932 1903
220 97 220 106 204 106 204 186 99 186
1639 850 1636 850 1636 911 1545 911 1545 947
666 162 718 162 718 241 746 241 746 255
1498 1262 1484 1262 1484 1397 1355 1397 1355 1426
424 432 440 432 440 466
1272 78 1272 96 1300 96 1300 137 1323 137
1378 2025 1349 2025 1349 2013 1323 2013 1323 1899
1131 1879 1131 1835 1172 1835 1172 1812 1181 1812
11 594 15 594 15 636
622 1539 689 1539 689 1573 766 1573 766 1606
997 1519 1022 1519 1022 1485 1150 1485 1150 1457
1105 1835 1022 1835 1022 1792 953 1792 953 1730
1835 1916 1834 1916 1834 1968 1723 1968
1072 845 1072 815 1068 815 1068 721
1644 648 1645 648 1645 635 1655 635 1655 596
1996 690 1963 690 1963 684 1877 684 1877 660
152 893 151 893 151 918 7 918 7 932
1630 1104 1644 1104 1644 1153 1755 1153 1755 1232
804 1431 798 1431 798 1568
90 1295 90 1356 100 1356 100 1392 188 1392
1467 64 1448 64 1448 113 1328 113 1328 210
1273 993 1273 1021 1179 1021 1179 1079 1122 1079
481 1317 469 1317 469 1368 402 1368 402 1405
1685 741 1699 741 1699 713 1718 713
669 895 669 883 665 883 665 838
612 1562 610 1562 610 1595 607 1595 607 1671
512 1929 513 1929 513 1891 585 1891
345 417 345 507 351 507 351 522
1974 103 1976 103 1976 30
1315 326 1315 243 1340 243 1340 180
1895 1200 1895 1184 1731 1184 1731 1179
750 479 768 479 768 495 783 495
111 1433 111 1480 106 1480 106 1543 12 1543
1715 1816 1715 1827 1676 1827 1676 1838
1867 404 1856 404 1856 378
1326 251 1326 373 1216 373 1216 380
1741 1254 1743 1254 1743 1238 1801 1238
374 757 405 757 405 781 493 781
1945 1337 1944 1337 1944 1460 1909 1460
1123 1350 1143 1350 1143 1309 1174 1309 1174 1253
771 1578 771 1532 785 1532 785 1492 850 1492
858 1634 909 1634 909 1619
491 1725 534 1725 534 1857 539 1857
1925 1541 1761 1541 1761 1496
841 1301 824 1301 824 1308 765 1308 765 1463
1930 1540 1930 1564 1804 1564 1804 1648 1774 1648
1201 1016 1225 1016 1225 1019 1255 1019
1409 1069 1509 1069 1509 1102
1616 1287 1701 1287 1701 1375 1766 1375
332 2017 467 2017 467 1904 485 1904 485 1876
891 1571 809 1571 809 1650 780 1650
1296 87 1296 218 1234 218 1234 248 1200 248
1127 892 1127 915 1220 915 1220 981 1232 981
1121 497 1037 497 1037 493
523 1046 504 1046 504 1042 393 1042 393 1032
923 714 923 685 990 685 990 554 1049 554
847 1867 865 1867 865 1881
1338 244 1356 244 1356 240 1361 240 1361 235
806 1406 749 1406 749 1446 743 1446
490 86 490 90 326 90 326 100
1712 508 1712 485 1823 485 1823 439 1869 439
1160 1469 1186 1469 1186 1440 1276 1440 1276 1408
153 72 167 72 167 101 174 101
191 1298 197 1298 197 1288 202 1288 202 1269
859 1325 955 1325 955 1473 992 1473
1324 1631 1324 1711 1403 1711 1403 1765
959 1543 997 1543 997 1419 1029 1419
231 366 231 346 247 346 247 248 303 248
1861 1730 1860 1730 1860 1701 1780 1701 1780 1581
1764 1781 1764 1804 1914 1804 1914 1813
1568 2020 1505 2020 1505 2025 1439 2025
683 516 560 516 560 495
1190 474 1226 474 1226 406 1278 406
1989 1122 1988 1122 1988 1227 1878 1227 1878 1240
823 2008 823 2001 669 2001 669 1977
1111 1227 1096 1227 1096 1342 1066 1342
1638 1058 1639 1058 1639 1076 1752 1076
201 177 221 177 221 208 222 208
1176 375 1176 396 1187 396 1187 479 1288 479
1303 1621 1319 1621 1319 1526 1382 1526 1382 1509
1495 144 1488 144 1488 156 1430 156 1430 191
2036 70 2039 70 2039 141
457 2046 457 2045 530 2045 530 1930 549 1930
1351 1520 1351 1512 1374 1512 1374 1418 1404 1418
376 658 408 658 408 642 464 642
716 426 726 426 726 358 756 358 756 354
605 1487 652 1487 652 1430 679 1430 679 1409
238 1656 237 1656 237 1662 177 1662 177 1685
2011 1555 1977 1555 1977 1493 1923 1493 1923 1432
1289 536 1289 589 1324 589 1324 664 1340 664
1696 302 1696 300 1753 300 1753 297 1792 297
1256 944 1257 944 1257 984 1330 984
655 1861 639 1861 639 1865 613 1865
995 1174 995 1165 900 1165 900 1143 832 1143
1012 972 1012 1024 1111 1024 1111 1038
1746 51 1759 51 1759 71 1876 71 1876 92
1739 462 1739 468 1749 468 1749 475 1829 475
201 1232 185 1232 185 1159 63 1159
1718 104 1726 104 1726 99 1875 99 1875 92
1806 1398 1806 1349 1728 1349 1728 1296 1672 1296
1893 152 1844 152 1844 140 1803 140
1748 1760 1748 1832 1720 1832 1720 1883 1703 1883
515 1846 525 1846 525 1758 534 1758
254 667 261 667 261 704 353 704 353 734
127 425 123 425 123 499 110 499
1670 1249 1668 1249 1668 1226 1556 1226
53 74 53 81 61 81 61 114 95 114
420 747 420 698 423 698 423 584 538 584
2046 1639 2046 1659 1961 1659 1961 1685
1059 226 1093 226 1093 171 1180 171 1180 170
1993 594 2015 594 2015 658 2042 658 2042 727
2025 1363 2025 1347 1961 1347 1961 1228 1940 1228
775 0 919 0 919 59
39 52 39 55 46 55 46 62 51 62
709 562 728 562 728 679 748 679 748 701
725 188 724 188 724 296 713 296
632 1917 632 1837 639 1837 639 1762 682 1762
784 1197 784 1211 721 1211 721 1357 715 1357
486 1431 438 1431 438 1491 412 1491 412 1506
1048 569 1049 569 1049 540 1092 540
1964 464 1964 507 1902 507 1902 572 1872 572
798 1896 736 1896 736 1753 735 1753 735 1750
985 945 958 945 958 1028 957 1028
115 956 115 955 86 955 86 849 24 849
773 213 773 197 890 197 890 195
787 714 787 852
1149 1056 1135 1056 1135 1031 1027 1031 1027 1029
1629 1306 1566 1306 1566 1254 1480 1254 1480 1204
700 817 837 817 837 824
1319 1251 1273 1251 1273 1334 1175 1334 1175 1413
133 1954 133 1953 198 1953 198 1919 244 1919
1057 1993 1080 1993 1080 1933 1113 1933 1113 1931
390 2039 413 2039 413 1883 417 1883
10 699 10 700 164 700 164 732
1982 2028 1982 2000 1894 2000 1894 1905 1884 1905
33 876 48 876 48 928 149 928 149 948
390 1233 387 1233 387 1285 292 1285 292 1339
722 1133 720 1133 720 1163 710 1163 710 1187
2010 1354 2019 1354 2019 1471 2029 1471
934 902 934 1000 909 1000 909 1007
1479 1830 1527 1830 1527 1856 1555 1856
500 155 402 155 402 287 386 287 386 298
399 2025 399 1983 306 1983 306 1903
1981 651 1981 603 1917 603 1917 587 1859 587
445 619 469 619 469 696 570 696 570 702
1038 215 1037 215 1037 198 913 198
488 1113 488 1059 528 1059 528 1021
1700 1301 1692 1301 1692 1449
1472 327 1472 328 1429 328 1429 386 1364 386
340 1627 340 1565 256 1565 256 1507
792 2028 770 2028 770 1887 753 1887 753 1873
3 903 4 903 4 915 141 915
33 136 23 136 23 151 0 151 0 157
1112 1175 1110 1175 1110 1064 1023 1064 1023 1037
1970 1828 1970 1834 1818 1834 1818 1909
1808 1652 1783 1652 1783 1632 1670 1632 1670 1606
143 249 153 249 153 154 157 154
428 96 428 109 550 109 550 151
532 1760 524 1760 524 1790 368 1790 368 1806
375 72 374 72 374 76 284 76
1922 447 1921 447 1921 435 1900 435
1295 1473 1295 1497 1247 1497 1247 1508
1483 1033 1429 1033 1429 1039
1266 839 1266 840 1354 840 1354 862 1414 862
2043 415 2043 443 1956 443 1956 578 1923 578
333 363 333 357 384 357 384 337 402 337
1077 596 1135 596 1135 666 1221 666 1221 685
235 957 228 957 228 920 136 920
1443 874 1443 941 1541 941 1541 993 1588 993
558 1324 558 1373 542 1373 542 1401 538 1401
1345 112 1349 112 1349 176 1355 176
602 379 602 449 540 449 540 480
880 484 880 517 855 517 855 568
788 1895 788 1881 712 1881 712 1792
1317 1593 1317 1501 1325 1501 1325 1480 1342 1480
1058 1686 1115 1686 1115 1725 1193 1725 1193 1731
1436 1145 1438 1145 1438 1060 1555 1060 1555 1001
120 1939 120 1910 194 1910 194 1828
1845 1490 1742 1490 1742 1495
930 1085 957 1085 957 1076 1006 1076 1006 974
1051 208 1051 198 954 198 954 154 909 154
1817 205 1735 205 1735 161
1207 725 1207 676 1152 676 1152 577 1138 577
551 778 551 901 664 901 664 915
54 875 54 907 58 907 58 941 214 941
537 228 492 228 492 236
1630 1302 1615 1302 1615 1248 1517 1248 1517 1229
1100 616 1097 616 1097 684 999 684 999 727
1878 852 1950 852 1950 841
562 1307 561 1307 561 1358 560 1358 560 1371
924 835 990 835 990 817 1068 817
1381 1990 1381 1965 1412 1965 1412 1862 1419 1862
847 1226 817 1226 817 1263 768 1263 768 1274
1918 1374 1918 1451 1948 1451 1948 1493 1983 1493
1920 1804 1920 1811 1844 1811 1844 1897
1469 859 1459 859 1459 761 1410 761
1184 1245 1185 1245 1185 1235 1264 1235 1264 1122
45 1267 53 1267 53 1175 120 1175 120 1127
1428 1404 1428 1403 1380 1403 1380 1390
37 1643 38 1643 38 1705 58 1705
1019 1265 1129 1265 1129 1229
1458 1733 1447 1733 1447 1774 1318 1774 1318 1871
1826 1860 1826 1934 1825 1934 1825 1947 1811 1947
410 220 414 220 414 307 421 307
1372 850 1371 850 1371 826 1224 826 1224 697
311 1372 311 1296 411 1296 411 1229 416 1229
897 1364 897 1315 872 1315 872 1269
621 771 622 771 622 739 662 739
1099 1124 1099 1154 1023 1154 1023 1177 975 1177
1471 765 1472 765 1472 710 1484 710
908 1134 908 1135 876 1135 876 1236 875 1236
1247 1315 1247 1293 1248 1293 1248 1245 1252 1245
726 1711 712 1711 712 1724 684 1724
1575 1486 1593 1486 1593 1594 1680 1594 1680 1610
776 206 776 304 649 304 649 336
1211 382 1211 385 1331 385 1331 408 1341 408
719 441 716 441 716 529 613 529 613 563
382 1783 379 1783 379 1673 228 1673 228 1664
150 1406 82 1406 82 1393 54 1393
348 947 348 993
1209 1969 1209 1956 1353 1956 1353 1889 1358 1889
1493 1638 1545 1638 1545 1542 1647 1542 1647 1485
870 1912 871 1912 871 1953 943 1953
1027 114 1027 149 1085 149 1085 155
1724 1767 1724 1765 1681 1765 1681 1748
1973 285 1859 285 1859 289
1077 107 1047 107 1047 113 1029 113
1072 1806 1069 1806 1069 1660 1064 1660
1891 1599 1943 1599 1943 1579 2021 1579
827 948 857 948 857 869 959 869 959 849
981 765 981 833 843 833 843 856
517 810 515 810 515 950 477 950
1529 1987 1520 1987 1520 2039
359 816 390 816 390 791
1884 369 1884 381 2014 381 2014 435
971 1818 971 1831 984 1831 984 1958 1015 1958
817 984 877 984 877 998 979 998
1234 1054 1202 1054 1202 1161 1194 1161 1194 1177
1253 1827 1252 1827 1252 1843 1201 1843
1516 1975 1629 1975 1629 1851 1635 1851
1707 1941 1814 1941 1814 1810 1867 1810
215 473 215 564 202 564 202 586 96 586
124 1329 124 1328 24 1328 24 1285
672 1110 713 1110 713 951 775 951
1539 85 1652 85 1652 62
1013 1251 1013 1305 1073 1305 1073 1352 1093 1352
809 1710 809 1735 730 1735 730 1863
465 684 426 684 426 576 382 576 382 524
611 73 611 92 666 92 666 100
1531 1559 1492 1559 1492 1597 1453 1597
879 443 879 399 963 399 963 348 1004 348
1028 1823 1028 1824 1090 1824 1090 1863 1162 1863
286 1339 286 1270 351 1270 351 1258 359 1258
1720 21 1720 22 1660 22 1660 42 1606 42
260 638 276 638 276 529 278 529
884 1087 884 1100 831 1100 831 1127
1996 572 1996 563 1982 563 1982 529
1371 135 1371 220 1235 220 1235 250
2004 474 2004 425 1985 425 1985 388 1925 388
1851 249 1837 249 1837 175 1787 175 1787 88
436 1750 432 1750 432 1817 297 1817
1625 1460 1567 1460 1567 1461 1526 1461 1526 1467
999 1235 999 1223 959 1223 959 1215
1211 1319 1240 1319 1240 1361 1298 1361 1298 1390
53 1213 53 1173 77 1173 77 1168 78 1168
1825 419 1825 413 1834 413 1834 319 1850 319
687 1569 651 1569 651 1614 645 1614
1786 2034 1786 1966 1741 1966 1741 1923 1735 1923
173 1592 173 1667 175 1667 175 1714 178 1714
1095 481 1095 424 1110 424 1110 398
298 1490 322 1490 322 1412 420 1412 420 1401
1777 113 1846 113 1846 181 1868 181 1868 197
1653 35 1653 148 1699 148 1699 194
1318 1993 1345 1993 1345 1976 1360 1976 1360 1885
455 325 455 304 449 304 449 270 447 270
1835 670 1906 670 1906 624 1949 624
29 462 30 462 30 329 101 329
278 1394 318 1394 318 1507 359 1507
1315 1240 1320 1240 1320 1311 1329 1311
1357 1805 1357 1783 1420 1783 1420 1704 1473 1704
1348 951 1348 919 1428 919 1428 871
1270 1475 1270 1471 1264 1471 1264 1389 1240 1389
809 1827 810 1827 810 1817 876 1817 876 1727
540 1392 529 1392 529 1536 482 1536 482 1552
962 779 964 779 964 681 1045 681 1045 677
912 389 904 389 904 357 881 357 881 241
1586 7 1498 7 1498 27 1457 27 1457 55
416 636 465 636 465 697 577 697 577 754
524 1237 524 1249 573 1249 573 1285 630 1285
1778 1104 1778 1045 1796 1045 1796 944 1857 944
1686 1365 1686 1340 1525 1340 1525 1328
1278 1569 1291 1569 1291 1717 1292 1717
1705 131 1705 170 1568 170 1568 192 1563 192
553 734 553 722 610 722 610 645
561 1363 561 1439 588 1439 588 1511
554 767 551 767 551 718 533 718 533 657
1258 1217 1258 1167 1212 1167 1212 1088
1971 1673 1971 1698 1869 1698 1869 1824 1823 1824
1663 1643 1716 1643 1716 1576 1777 1576 1777 1567
500 1588 498 1588 498 1625 487 1625 487 1637
1650 1913 1650 1976 1535 1976 1535 1992
1800 1951 1762 1951 1762 1893 1643 1893
988 1835 988 1848 987 1848 987 1878
1713 717 1728 717 1728 776 1788 776
1643 1867 1684 1867 1684 1828 1726 1828 1726 1803
1712 1040 1758 1040 1758 1023
627 595 635 595 635 528 708 528 708 470
839 454 821 454 821 339 800 339
1920 586 1920 614 1921 614 1921 620
1893 663 1892 663 1892 692 1825 692 1825 694
74 183 74 192 52 192 52 261
1735 236 1782 236 1782 291 1868 291 1868 306
1820 353 1927 353 1927 305 1934 305
1509 1572 1509 1580 1537 1580 1537 1606 1592 1606
1378 1160 1378 1069 1372 1069 1372 1054
1386 1956 1366 1956 1366 1860 1355 1860
1171 357 1142 357 1142 499 1117 499
1844 1495 1818 1495 1818 1525
292 114 356 114 356 31 403 31
177 1297 177 1398 133 1398 133 1422 58 1422
1514 1461 1489 1461 1489 1477 1445 1477 1445 1499
884 420 884 437 913 437 913 454 925 454
1671 1199 1669 1199 1669 1245 1650 1245
348 765 348 756 409 756 409 604 496 604
1053 1248 1053 1240 1028 1240 1028 1172 1024 1172
421 802 421 706 443 706 443 686
1482 629 1503 629 1503 566 1626 566 1626 548
1695 730 1658 730 1658 734 1621 734 1621 743
1140 10 1277 10 1277 33 1303 33 1303 136
810 538 810 546 798 546 798 552 794 552
379 604 378 604 378 496 358 496
1656 1450 1687 1450 1687 1359 1703 1359
1745 1099 1748 1099 1748 1096 1800 1096 1800 1095
1565 675 1581 675 1581 667 1691 667 1691 636
86 603 86 614 212 614 212 703
1635 54 1634 54 1634 115 1514 115
1038 1294 1054 1294 1054 1136 1057 1136
1736 990 1740 990 1740 1075 1791 1075 1791 1120
1220 243 1203 243 1203 125 1197 125
1797 766 1801 766 1801 669 1852 669 1852 657
931 278 931 402 1042 402 1042 425 1059 425
445 337 444 337 444 352 402 352
739 438 607 438 607 323 590 323
1245 212 1251 212 1251 111
380 1217 417 1217 417 1251 504 1251
189 1894 59 1894 59 1952 36 1952 36 1957
1043 1401 1120 1401 1120 1538 1121 1538
377 1918 377 1929 301 1929 301 2040 268 2040
230 966 230 866 185 866 185 837 78 837
1497 1371 1509 1371 1509 1373
1002 424 1002 425 960 425 960 438
467 1819 467 1811 510 1811 510 1726 518 1726
1611 715 1613 715 1613 853
603 1387 603 1385 693 1385 693 1302
831 382 826 382 826 459 717 459
1145 85 1145 110 1178 110 1178 122
1322 644 1325 644 1325 598 1466 598 1466 596
496 1430 496 1462 569 1462 569 1561 618 1561
1011 1702 1011 1728 1106 1728 1106 1815 1156 1815
1470 387 1470 385 1406 385 1406 250 1313 250
762 131 653 131 653 154
1754 913 1748 913 1748 982 1699 982 1699 983
900 126 900 129 896 129 896 245 881 245
1522 1551 1522 1554 1467 1554 1467 1574 1401 1574
1422 2031 1344 2031 1344 2014 1271 2014
1776 766 1751 766 1751 800 1710 800
1176 409 1171 409 1171 474 1088 474 1088 520
9 1566 10 1566 10 1591 129 1591
382 555 381 555 381 524 254 524 254 515
308 483 309 483 309 387 404 387
989 1684 989 1691 942 1691 942 1695 842 1695
339 516 339 532 277 532 277 635 236 635
1687 1929 1709 1929 1709 1923 1773 1923 1773 1921
261 1815 284 1815 284 1657 289 1657
1833 394 1820 394 1820 441 1680 441 1680 518
212 1405 216 1405 216 1500 224 1500
1361 1572 1457 1572 1457 1490 1490 1490 1490 1476
1145 1496 1145 1497 1236 1497 1236 1575 1284 1575
304 366 369 366 369 368 418 368 418 370
613 420 613 336 577 336 577 284 463 284
13 1211 21 1211 21 1358 111 1358 111 1369
501 315 501 299 503 299 503 255 504 255
569 10 569 71 609 71 609 149
1074 1938 1056 1938 1056 1829 984 1829 984 1819
427 1449 427 1452 401 1452 401 1497 288 1497
1516 671 1514 671 1514 683 1505 683 1505 703
360 1492 360 1486 400 1486 400 1426
1851 257 1851 272 1806 272 1806 276
817 495 841 495 841 446 848 446
1570 390 1570 341 1488 341 1488 316
380 1591 380 1586 504 1586 504 1565
840 1114 840 1197 860 1197 860 1235
1127 446 1121 446 1121 347 985 347 985 346
1711 1745 1711 1764 1765 1764 1765 1801 1796 1801
1491 1099 1491 1158 1475 1158 1475 1188 1385 1188
1777 693 1777 702 1752 702 1752 803 1679 803
1506 1992 1462 1992 1462 1909 1435 1909
1059 424 1045 424 1045 302 1027 302 1027 268
1467 246 1441 246 1441 239 1427 239 1427 176
833 344 833 379 864 379 864 420 872 420
1063 447 1063 463 978 463 978 560
18 277 18 291 5 291 5 427
730 995 730 1028 770 1028 770 1142
1 1054 2 1054 2 1052 123 1052 123 1046
728 1256 729 1256 729 1241 817 1241
559 764 591 764 591 772 672 772 672 913
1587 1565 1587 1641 1634 1641 1634 1692 1640 1692
2023 781 2023 874 1927 874 1927 919 1889 919
56 1849 156 1849 156 1733 206 1733
748 946 812 946 812 853 848 853
742 8 743 8 743 69 755 69
883 1902 882 1902 882 2004 746 2004 746 2011
1062 1610 1061 1610 1061 1449 1000 1449
1890 380 2007 380 2007 379 2031 379 2031 372
176 1118 176 1130 252 1130 252 1183 305 1183
1993 1344 2016 1344 2016 1241
981 1553 981 1550 1014 1550 1014 1449
1185 1877 1242 1877 1242 1844 1245 1844
1571 1849 1571 1791 1625 1791 1625 1765 1659 1765
1320 668 1314 668 1314 728 1256 728
2038 312 2045 312 2045 439 2047 439
5 388 7 388 7 340 109 340 109 338
1683 167 1650 167 1650 74 1548 74 1548 64
652 163 652 161 700 161 700 39
1248 1934 1343 1934 1343 1907
728 1617 728 1588 756 1588 756 1525
368 962 375 962 375 1051 446 1051 446 1119
1532 131 1409 131 1409 230 1370 230 1370 257
1042 455 1041 455 1041 447 1016 447
1908 1696 1908 1693 1848 1693 1848 1563 1823 1563
1949 590 1937 590 1937 508 1831 508 1831 476
819 521 842 521 842 491 847 491
396 1627 395 1627 395 1541
2042 1576 2042 1722 1909 1722 1909 1729
2047 668 2047 739 1958 739 1958 762 1914 762
837 1475 832 1475 832 1543 821 1543 821 1566
1314 938 1240 938 1240 843 1213 843 1213 792
342 1008 342 1095 274 1095 274 1101
753 310 753 315 755 315 755 334
1389 362 1363 362 1363 407 1251 407 1251 408
886 2031 886 2030 1022 2030 1022 1988
572 182 572 183 450 183 450 204
1105 1427 1104 1427 1104 1479 1040 1479
143 126 70 126 70 171 27 171 27 205
492 1289 490 1289 490 1361 473 1361
1995 2001 1995 1998 1844 1998 1844 1975
1327 1048 1327 1086 1333 1086 1333 1095
1610 301 1610 314 1638 314 1638 348 1653 348
492 1108 492 1225 600 1225 600 1268
259 1161 363 1161 363 1240 407 1240
388 120 388 71 358 71 358 27 303 27
719 865 731 865 731 1013
1685 1920 1641 1920 1641 1959
1882 625 1843 625 1843 657 1745 657 1745 765
185 19 185 145 202 145 202 165
2043 535 1966 535 1966 511 1909 511
254 2008 277 2008 277 1981 280 1981 280 1972
1702 664 1702 746 1710 746 1710 782
2029 657 2020 657 2020 593 1944 593
780 643 780 737 847 737 847 741
925 1623 938 1623 938 1557 947 1557 947 1552
266 743 266 734 344 734 344 654 380 654
507 1847 486 1847 486 1821 408 1821 408 1803
1592 1401 1592 1539 1543 1539 1543 1564 1539 1564
1181 336 1274 336 1274 377 1337 377 1337 445
1883 1247 1893 1247 1893 1328 1903 1328
1911 178 1912 178 1912 14 1928 14
1041 405 1041 444 949 444 949 457 936 457
2003 323 2003 322 2026 322 2026 316
1446 776 1429 776 1429 787 1296 787 1296 813
433 1138 433 1169 446 1169 446 1180 466 1180
1836 708 1836 769 1968 769 1968 817 1990 817
2009 1601 2009 1586 1970 1586 1970 1498 1860 1498
32 747 32 828 36 828 36 832 37 832
1504 844 1475 844 1475 870 1463 870 1463 936
999 397 1023 397 1023 396
46 75 46 116 136 116 136 182 146 182
1932 1694 1932 1693 1816 1693 1816 1623
1018 1484 954 1484 954 1461 932 1461 932 1442
273 235 272 235 272 247 245 247
508 358 508 408 353 408 353 476
1427 1208 1367 1208 1367 1181 1350 1181
1571 1370 1571 1382 1607 1382 1607 1406 1639 1406
14 487 119 487 119 486 175 486
1492 913 1491 913 1491 944 1374 944
1242 286 1242 294 1172 294 1172 352
729 1094 729 1164 717 1164 717 1245 711 1245
1546 523 1481 523 1481 569 1450 569
159 1010 169 1010 169 855 299 855 299 846
2011 286 1915 286 1915 389 1893 389 1893 419
991 1076 991 1090 1048 1090 1048 1097
823 1507 933 1507 933 1566 951 1566 951 1643
1524 573 1524 608 1580 608 1580 669
1944 891 2037 891 2037 750 2045 750
867 1363 867 1362 885 1362 885 1336
1849 1357 1849 1384 1873 1384 1873 1446 1894 1446
1093 1481 1093 1480 1074 1480 1074 1447 1018 1447
705 669 705 634 680 634 680 530 642 530
17 1924 29 1924 29 1932 52 1932 52 1987
662 888 664 888 664 837 692 837 692 750
2035 1997 2035 1969 1915 1969 1915 1932 1908 1932
201 1643 206 1643 206 1590 233 1590 233 1513
1654 690 1654 691 1610 691 1610 829 1578 829
1735 1458 1734 1458 1734 1563 1705 1563 1705 1569
1030 1262 1030 1203 1047 1203 1047 1179
879 244 876 244 876 400 871 400
1053 193 1056 193 1056 228 1133 228 1133 262
99 1460 99 1472 94 1472 94 1497 87 1497
624 900 624 840 696 840 696 770 770 770
1055 219 1054 219 1054 239 964 239 964 353
1651 376 1688 376 1688 235 1761 235
711 1925 708 1925 708 2010 675 2010
1478 1388 1477 1388 1477 1311 1357 1311
746 1762 746 1772 678 1772 678 1793
1102 883 1022 883 1022 951 994 951
65 101 70 101 70 10 119 10
2002 1889 2002 1898 1883 1898 1883 1906 1856 1906
122 719 121 719 121 753 59 753
205 1483 205 1497 203 1497 203 1512 166 1512
48 1414 48 1440 25 1440 25 1519
633 1744 559 1744 559 1830 535 1830 535 1839
806 1154 808 1154 808 1191 936 1191
1160 252 1079 252 1079 163 1055 163 1055 126
1721 920 1729 920 1729 901 1817 901
575 1461 575 1368 679 1368 679 1357
1082 1481 1082 1590 1083 1590 1083 1643 1120 1643
1127 1523 1217 1523 1217 1472 1267 1472
571 483 629 483 629 493 646 493 646 523
595 873 605 873 605 754
1121 525 1121 526 1118 526 1118 548
1507 1136 1603 1136 1603 1098 1651 1098
1632 1142 1621 1142 1621 1092 1588 1092 1588 1077
619 215 631 215 631 217 661 217 661 245
1684 66 1683 66 1683 13 1593 13
844 1180 844 1177 878 1177 878 1175 964 1175
622 1939 622 1975 613 1975 613 2024 585 2024
560 1149 560 1140 582 1140 582 1083 615 1083
1179 902 1239 902 1239 941 1335 941
1264 595 1323 595 1323 666 1346 666
1285 1547 1295 1547 1295 1603 1398 1603 1398 1648
2020 1511 2019 1511 2019 1578 1977 1578
839 1932 839 1816 860 1816 860 1779
838 823 838 825 792 825 792 882
835 1906 830 1906 830 1931 709 1931
1188 340 1191 340 1191 456
1484 1152 1484 1148 1406 1148 1406 1018 1356 1018
679 154 627 154 627 186 583 186 583 227
404 375 404 376 433 376 433 379 564 379
1012 1793 1091 1793 1091 1861 1113 1861
1187 346 1180 346 1180 311 1036 311
875 355 840 355 840 466 835 466
1735 358 1793 358 1793 517 1877 517
275 1123 282 1123 282 989 317 989 317 980
857 1495 857 1443 858 1443 858 1372
708 115 812 115 812 73 847 73
1932 949 1837 949 1837 1018 1772 1018 1772 1034
241 434 241 487 240 487 240 567
393 1955 395 1955 395 1853 433 1853 433 1796
1132 262 1132 225 1088 225 1088 106
1506 529 1506 441 1489 441 1489 369
1753 1209 1753 1286 1655 1286 1655 1309 1613 1309
662 592 662 610 660 610 660 663 640 663
1074 621 1074 582 1047 582 1047 558 1043 558
563 1667 563 1726 523 1726 523 1775 500 1775
1492 1467 1490 1467 1490 1322 1486 1322
703 242 703 243 696 243 696 283
504 1024 486 1024 486 1183 359 1183
688 1969 739 1969 739 1949 831 1949 831 1926
1108 966 1157 966 1157 976
1419 139 1419 169 1490 169 1490 258 1542 258
2015 772 2015 775 1974 775 1974 821
2004 932 2005 932 2005 945 2041 945
424 1084 424 1102 343 1102 343 1188 336 1188
1674 519 1638 519 1638 567
1831 1003 1828 1003 1828 1006 1822 1006 1822 1014
1483 257 1426 257 1426 239 1364 239 1364 162
110 1743 142 1743 142 1822 210 1822 210 1846
382 2031 468 2031 468 1965 486 1965 486 1884
1678 685 1682 685 1682 759 1722 759 1722 786
813 1584 858 1584 858 1641 943 1641 943 1677
189 1259 189 1349 96 1349 96 1355
481 620 481 630 482 630 482 637 486 637
1288 1448 1288 1383 1167 1383 1167 1322
69 25 187 25 187 63 204 63
249 985 242 985 242 886 231 886
1375 579 1351 579 1351 453 1269 453 1269 449
1840 803 1840 802 1884 802 1884 801 1937 801
915 1641 944 1641 944 1671 975 1671
199 1166 228 1166 228 1193 289 1193 289 1197
1929 1820 1876 1820 1876 1921 1874 1921
1666 903 1681 903 1681 895 1688 895 1688 871
540 1624 525 1624 525 1668 517 1668
667 442 636 442 636 450 527 450 527 578
1329 1254 1329 1248 1266 1248 1266 1110 1229 1110
1942 1168 1942 1140 1893 1140 1893 1054 1871 1054
1732 1912 1726 1912 1726 1904 1596 1904 1596 1876
1986 1119 1979 1119 1979 1036
1690 685 1690 578 1775 578 1775 567 1843 567
961 1263 961 1214 1019 1214 1019 1144 1032 1144
963 1495 993 1495 993 1397 1108 1397
875 990 816 990 816 980 732 980 732 925
483 1165 482 1165 482 1119 465 1119
1567 1276 1583 1276 1583 1233 1653 1233
1700 434 1684 434 1684 402 1558 402
1615 1931 1568 1931 1568 1906
1575 1939 1525 1939 1525 1842 1514 1842
1379 1171 1398 1171 1398 1029 1532 1029 1532 1017
1529 332 1529 326 1511 326 1511 221 1467 221
1056 993 1056 988 1029 988 1029 954 940 954
1071 1059 1071 1058 1031 1058 1031 943 978 943
1397 1306 1397 1346 1484 1346 1484 1437 1546 1437
1821 1481 1821 1386 1914 1386 1914 1366 1924 1366
727 778 727 711 865 711 865 695 871 695
110 746 88 746 88 703 79 703
1311 1813 1311 1853 1247 1853 1247 1927 1186 1927
908 988 889 988 889 933 878 933
1971 620 1901 620 1901 509 1828 509 1828 485
1765 1086 1651 1086 1651 1017
293 259 304 259 304 355
1892 114 1893 114 1893 116 1895 116
2000 1164 2000 1121 1932 1121 1932 1058 1914 1058
585 1233 496 1233 496 1269 454 1269 454 1284
1742 1280 1679 1280 1679 1193 1591 1193 1591 1169
1680 152 1635 152 1635 117 1624 117
782 1822 782 1798 824 1798 824 1680
141 1817 141 1824 177 1824 177 1843
1935 564 1935 594 1985 594 1985 663
374 575 340 575 340 655 287 655 287 694
588 874 588 873 549 873 549 766 499 766
1026 912 1026 891 1112 891 1112 846 1177 846
194 694 152 694 152 634 107 634
1229 1086 1216 1086 1216 1067 1214 1067
597 1663 597 1656 551 1656 551 1576 516 1576
895 1273 896 1273 896 1214 957 1214 957 1169
465 1217 447 1217 447 1313
1930 1419 1920 1419 1920 1413 1906 1413 1906 1410
981 1970 981 1931 959 1931 959 1817
694 94 592 94 592 128 579 128 579 235
274 417 274 492 383 492 383 563 404 563
928 400 928 473 965 473 965 510
1930 1141 1925 1141 1925 1149 1897 1149
1624 1907 1623 1907 1623 1967 1554 1967
1518 84 1518 87 1652 87 1652 123 1659 123
61 1830 64 1830 64 1805 112 1805 112 1744
223 1416 313 1416 313 1426
365 740 365 659 367 659 367 629 405 629
652 249 640 249 640 328 609 328
1226 535 1225 535 1225 578 1177 578
1914 675 1782 675 1782 612 1764 612
1132 613 1132 671 1228 671 1228 755 1261 755
911 1817 928 1817 928 1790 1057 1790 1057 1752
345 1105 345 1131 418 1131 418 1207
1137 94 1137 96 1136 96 1136 118 1119 118
306 1192 306 1169 257 1169 257 1113 233 1113
1181 541 1181 542 1175 542 1175 624 1160 624
1201 1007 1128 1007 1128 971 1055 971 1055 866
1730 625 1730 595 1678 595 1678 483 1592 483
426 1658 426 1651 342 1651 342 1543
1385 1680 1369 1680 1369 1679 1364 1679 1364 1643
769 1067 760 1067 760 1210
1112 1333 1253 1333 1253 1266 1268 1266
170 515 170 497 263 497 263 486
895 1761 895 1762 903 1762 903 1808 1014 1808
1096 1720 1078 1720 1078 1650 964 1650 964 1593
2008 540 2039 540 2039 642
83 1152 81 1152 81 1147 33 1147 33 1042
578 1243 622 1243 622 1300 658 1300
927 481 1001 481 1001 491 1047 491
1092 1071 1105 1071 1105 1072 1133 1072 1133 1074
242 1262 242 1201 241 1201 241 1149 235 1149
1501 114 1583 114 1583 98
1184 1837 1185 1837 1185 1893 1346 1893 1346 1911
1184 1368 1184 1222 1238 1222 1238 1219
1138 515 1138 513 1143 513 1143 380
1100 526 1099 526 1099 534 1037 534 1037 567
342 1669 361 1669 361 1706 400 1706 400 1781
33 175 33 261 62 261 62 277 92 277
1102 606 1044 606 1044 572 965 572 965 528
1495 402 1495 354 1533 354 1533 268 1557 268
48 1 52 1 52 137 106 137 106 163
1802 1946 1802 1943 1895 1943 1895 1897 1896 1897
1799 1685 1799 1662 1809 1662 1809 1563 1811 1563
1822 1897 1822 1946 1783 1946 1783 1979
1829 1561 1805 1561 1805 1650 1784 1650
1285 643 1285 637 1253 637 1253 563 1155 563
1574 126 1574 150 1622 150 1622 159 1712 159
1137 1314 1137 1383 977 1383 977 1447 975 1447
1183 543 1183 576 1113 576 1113 627 1104 627
862 1363 862 1303 911 1303 911 1243 967 1243
965 476 926 476 926 501 852 501
523 2024 526 2024 526 2013 528 2013 528 2012
1932 1009 1932 1012 1906 1012 1906 1044
71 191 71 182 85 182 85 139 132 139
695 1305 729 1305 729 1328 763 1328 763 1343
1317 2015 1318 2015 1318 2046 1470 2046
513 1459 566 1459 566 1366 633 1366 633 1351
1387 1500 1263 1500 1263 1571 1247 1571
797 854 797 857 848 857 848 931 852 931
1995 309 1994 309 1994 197 1987 197
146 1415 151 1415 151 1400 163 1400 163 1328
363 919 363 1063 452 1063 452 1070
751 33 858 33 858 47
1321 813 1302 813 1302 787
1176 813 1031 813 1031 814
1912 930 1804 930 1804 894 1788 894
276 410 277 410 277 434 340 434
1225 1646 1242 1646 1242 1662 1281 1662 1281 1706
616 1739 645 1739 645 1723 679 1723
673 407 673 456 761 456 761 558 762 558
1048 1755 1055 1755 1055 1679 1146 1679 1146 1635
1517 1442 1517 1437 1502 1437 1502 1421 1421 1421
1441 1831 1471 1831 1471 1894 1506 1894
1194 686 1156 686 1156 678 1099 678 1099 674
1714 869 1714 813 1802 813 1802 781
911 1160 911 1164 996 1164 996 1193 1002 1193
1477 89 1476 89 1476 12 1377 12
897 1868 897 1882 777 1882 777 1896
1605 668 1605 680 1600 680 1600 723
694 1785 702 1785 702 1794 711 1794
1970 1214 1970 1205 1908 1205 1908 1185 1814 1185
73 1030 73 1031 132 1031 132 1041
928 1279 916 1279 916 1403
1032 574 1015 574 1015 618 967 618
1457 1459 1454 1459 1454 1554 1453 1554
1619 1306 1619 1305 1565 1305 1565 1270 1532 1270
525 47 525 104 581 104 581 130 617 130
1375 224 1375 216 1470 216 1470 199
1039 1770 995 1770 995 1750 943 1750 943 1692
1558 67 1558 68 1455 68 1455 164 1449 164
1523 76 1523 75 1603 75 1603 18 1617 18
984 111 984 113 846 113 846 115 834 115
120 30 120 31 209 31 209 48
1630 1326 1624 1326 1624 1315 1564 1315 1564 1246
710 1004 688 1004 688 1086 607 1086 607 1137
2006 20 1930 20 1930 45 1921 45
1256 1486 1256 1485 1313 1485 1313 1373 1352 1373
1544 1458 1525 1458 1525 1354
487 1007 487 1006 333 1006 333 998 329 998
1624 1781 1624 1760 1675 1760 1675 1749
622 1705 622 1706 646 1706 646 1707 721 1707
1858 2032 1852 2032 1852 1944 1840 1944
1836 690 1836 626 1829 626 1829 603 1740 603
895 185 895 178 886 178 886 162 842 162
106 1388 105 1388 105 1360 89 1360 89 1343
964 1134 946 1134 946 1202 836 1202
618 779 558 779 558 747 552 747
788 337 788 338 758 338 758 448 745 448
1949 346 1983 346 1983 328 2038 328 2038 221
1185 954 1185 920 1065 920 1065 863 1058 863
1213 476 1253 476 1253 425 1291 425
1489 1699 1489 1700 1520 1700 1520 1788 1620 1788
1756 1428 1756 1542 1871 1542 1871 1554
244 86 254 86 254 150 278 150 278 198
905 1304 903 1304 903 1309 902 1309 902 1311
187 1997 187 1979 183 1979 183 1972 181 1972
158 1560 167 1560 167 1553 177 1553
1742 1911 1741 1911 1741 1775 1729 1775
124 1215 124 1218 64 1218 64 1309
1057 1153 1057 1152 979 1152 979 1128 978 1128
252 1546 244 1546 244 1576 157 1576 157 1601
487 1825 509 1825 509 1957 581 1957 581 1971
1597 852 1567 852 1567 707 1540 707
345 949 345 964 270 964 270 1087 231 1087
153 690 153 684 164 684 164 660 182 660
1235 1088 1235 1056 1275 1056 1275 1029 1349 1029
336 1552 341 1552 341 1653 405 1653 405 1714
1461 972 1495 972 1495 873 1540 873 1540 852
99 957 100 957 100 965 139 965
1364 1523 1353 1523 1353 1620 1322 1620 1322 1634
123 1945 123 1944 133 1944 133 1935 154 1935
869 693 793 693 793 644 790 644
268 1147 269 1147 269 1299 276 1299
1870 963 1828 963 1828 976 1783 976 1783 981
83 994 122 994 122 919 156 919 156 847
1840 667 1845 667 1845 643 1903 643
1904 1282 1971 1282 1971 1240 2046 1240 2046 1189
942 586 979 586 979 476 1020 476 1020 467
854 1446 797 1446 797 1469 792 1469
284 330 355 330 355 331 397 331 397 333
141 1263 142 1263 142 1217 166 1217 166 1170
190 1949 195 1949 195 1889 231 1889 231 1810
1790 1337 1791 1337 1791 1335 1801 1335 1801 1332
1230 1534 1230 1533 1215 1533 1215 1532 1132 1532
70 1532 63 1532 63 1525 50 1525 50 1506
1569 1122 1569 1012 1646 1012 1646 991 1679 991
141 1205 182 1205 182 1269 184 1269 184 1311
1568 1727 1562 1727 1562 1603 1561 1603
1870 1026 1870 965 1877 965 1877 959 1888 959
139 116 147 116 147 244 157 244
1536 755 1536 741 1506 741 1506 724
820 292 820 295 846 295 846 303 878 303
320 783 382 783 382 786
606 1843 552 1843 552 1860 451 1860 451 1915
1088 1282 1059 1282 1059 1426 1043 1426
997 85 1081 85 1081 107
1826 1387 1950 1387 1950 1432 1988 1432
1724 552 1724 463 1685 463 1685 408 1611 408
926 1790 927 1790 927 1652 936 1652
1664 1723 1664 1722 1566 1722 1566 1608
392 748 346 748 346 728 228 728 228 693
801 965 810 965 810 845 821 845
1428 1929 1450 1929 1450 1806 1506 1806
693 1601 693 1538 586 1538 586 1446 579 1446
414 770 422 770 422 729 466 729
1604 2047 1618 2047 1618 2007
1583 59 1582 59 1582 47 1521 47
601 1582 601 1555 658 1555 658 1491 702 1491
1737 1752 1739 1752 1739 1710 1844 1710 1844 1625
1614 21 1664 21 1664 150 1675 150 1675 174
766 1445 766 1440 878 1440 878 1417
960 1739 960 1713 1039 1713 1039 1655 1062 1655
955 845 955 867 866 867 866 950 819 950
592 1695 592 1708 708 1708 708 1722
1632 747 1620 747 1620 685 1559 685 1559 625
1786 367 1779 367 1779 389 1742 389
33 1432 34 1432 34 1374 122 1374
1354 1645 1354 1571 1398 1571 1398 1518
807 525 848 525 848 482 877 482 877 397
547 1444 549 1444 549 1438 651 1438 651 1407
1319 1848 1358 1848 1358 1791 1385 1791 1385 1790
1292 1237 1317 1237 1317 1176 1338 1176 1338 1137
362 525 356 525 356 526 354 526 354 605
99 493 99 471 116 471 116 449
1929 244 1927 244 1927 237 1926 237 1926 229
1631 1743 1632 1743 1632 1724 1718 1724
700 2027 700 2026 606 2026 606 1875 539 1875
1314 1581 1314 1582 1318 1582 1318 1593
445 1355 445 1367 321 1367 321 1478
700 319 700 323 736 323 736 331 828 331
646 222 630 222 630 103 526 103 526 94
1169 650 1227 650 1227 540 1325 540
800 1002 800 994 682 994 682 851 648 851
2028 947 2027 947 2027 962 1887 962
1346 1470 1345 1470 1345 1410
1216 242 1216 231 1304 231 1304 230 1352 230
1925 218 1935 218 1935 154 2021 154 2021 117
1162 1577 1178 1577 1178 1600 1267 1600 1267 1624
1591 1766 1621 1766 1621 1824 1692 1824
1551 1245 1522 1245 1522 1182 1472 1182
1672 713 1672 787 1793 787 1793 859 1804 859
216 155 240 155 240 79 289 79
1620 1565 1620 1583 1684 1583 1684 1631 1704 1631
1148 1809 1186 1809 1186 1870 1213 1870 1213 1877
1190 29 1081 29 1081 108 1075 108 1075 139
105 1301 105 1179 69 1179 69 1173
39 1563 39 1547 46 1547 46 1501 90 1501
36 373 43 373 43 444 193 444 193 490
53 808 53 751 111 751 111 703 132 703
1989 1710 1989 1709 2006 1709 2006 1583
776 1744 781 1744 781 1769 822 1769
41 297 41 178 84 178 84 135 125 135
15 1487 16 1487 16 1580
830 1522 808 1522 808 1587 792 1587 792 1631
1742 1350 1801 1350 1801 1438 1808 1438 1808 1510
1273 1683 1273 1774 1312 1774 1312 1844 1317 1844
1008 846 974 846 974 961 964 961 964 981
1759 912 1847 912 1847 953 1887 953 1887 1073
2027 26 1931 26 1931 173 1892 173
1944 833 1918 833 1918 931 1881 931 1881 962
1370 1112 1339 1112 1339 1032 1249 1032 1249 948
1520 1553 1524 1553 1524 1521 1538 1521 1538 1506
1934 1885 2014 1885 2014 1961 2032 1961
1450 336 1450 364 1490 364 1490 436 1578 436
899 530 918 530 918 628 947 628
1739 1155 1749 1155 1749 1283
166 744 158 744 158 826 57 826 57 834
1129 976 1186 976 1186 917 1284 917 1284 828
1280 1585 1280 1604 1341 1604 1341 1619
134 804 134 815 5 815 5 817
1037 1653 1036 1653 1036 1700 961 1700 961 1742
161 1666 159 1666 159 1632 158 1632
112 1355 213 1355 213 1234 233 1234
1647 1723 1665 1723 1665 1841 1683 1841
592 2007 592 2028 667 2028 667 2046 702 2046
1215 973 1189 973 1189 950
1178 816 1178 847 1128 847 1128 921 1047 921
1358 398 1358 371 1314 371 1314 289
619 2027 619 2002 633 2002 633 1870
1829 546 1774 546 1774 568 1764 568
1265 1211 1265 1218 1183 1218 1183 1330
45 1281 50 1281 50 1288 185 1288
583 1879 550 1879 550 1866 473 1866 473 1842
216 674 241 674 241 666
1915 698 1915 696 1934 696 1934 660
1764 585 1796 585 1796 691 1918 691 1918 709
1092 1517 1100 1517 1100 1573 1171 1573
314 552 314 654 286 654 286 703 272 703
1154 28 1154 92 1204 92 1204 130 1216 130
418 1185 489 1185 489 1088 563 1088
1184 1211 1204 1211 1204 1087 1298 1087 1298 1084
843 1908 851 1908 851 1961 877 1961
492 101 496 101 496 64 501 64 501 53
1038 1670 1037 1670 1037 1699 894 1699 894 1782
57 1186 57 1274 186 1274 186 1317 195 1317
1332 2033 1381 2033 1381 1980 1413 1980 1413 1966
170 281 170 305 192 305 192 391 272 391
96 2004 107 2004 107 2016
1615 851 1615 884 1719 884 1719 902
499 1904 496 1904 496 1947 371 1947 371 1957
1254 1152 1254 1105 1265 1105 1265 1080 1275 1080
497 1284 497 1236 589 1236 589 1208
1813 1846 1813 1853 1719 1853 1719 1882 1703 1882
98 1943 247 1943 247 1937
1197 1510 1126 1510 1126 1566 1081 1566 1081 1609
854 1466 853 1466 853 1493 833 1493 833 1527
975 1153 983 1153 983 1053 996 1053 996 1025
1502 1746 1516 1746 1516 1801 1519 1801
433 605 433 591 545 591 545 461 574 461
869 710 869 714 894 714 894 786 942 786
1265 951 1265 983 1363 983 1363 1095 1377 1095
1804 1270 1804 1287 1727 1287 1727 1428 1703 1428
1149 895 1149 889 1235 889 1235 829 1258 829
512 1597 497 1597 497 1588 399 1588
1015 499 1015 468 1064 468 1064 346 1098 346
1717 295 1735 295 1735 304 1841 304 1841 405
44 840 44 834 159 834 159 810
1717 520 1717 571 1656 571 1656 614 1620 614
1093 979 1080 979 1080 1073 1010 1073
741 1403 882 1403 882 1406 885 1406
1691 1152 1691 1039 1737 1039 1737 1000
681 1267 681 1222 648 1222 648 1202
803 1268 780 1268 780 1244 750 1244
749 273 757 273 757 163 770 163 770 123
1517 1859 1517 1939 1486 1939 1486 1995 1387 1995
447 1617 323 1617 323 1625
1383 1281 1444 1281 1444 1285 1502 1285 1502 1286
1427 1156 1524 1156 1524 1151 1591 1151
2022 323 2012 323 2012 284 1961 284 1961 228
1244 1788 1290 1788 1290 1749 1307 1749
693 1457 691 1457 691 1389 587 1389 587 1375
634 1257 634 1337 688 1337 688 1382 794 1382
1609 537 1609 509 1635 509 1635 479 1697 479
46 758 46 774 18 774 18 914 14 914
700 261 732 261 732 280 793 280 793 419
1397 963 1397 1019 1359 1019 1359 1048 1341 1048
1737 1459 1735 1459 1735 1570 1712 1570 1712 1598
31 1408 31 1334 78 1334 78 1315
977 1497 994 1497 994 1399
1831 277 1831 290 1874 290 1874 388 1908 388
1298 1203 1314 1203 1314 1119 1329 1119
181 715 169 715 169 743 152 743 152 795
1158 1879 1158 1834 1105 1834 1105 1727 1021 1727
1112 703 1146 703 1146 631 1197 631 1197 622
917 999 917 997 888 997 888 937 827 937
713 303 657 303 657 241 626 241 626 211
1610 1339 1610 1280 1523 1280 1523 1276 1517 1276
1485 1502 1485 1522 1505 1522 1505 1574 1532 1574
1002 1708 1038 1708 1038 1654 1107 1654 1107 1645
1342 1758 1356 1758 1356 1806 1411 1806 1411 1910
891 1138 917 1138 917 1126 981 1126 981 1076
1518 563 1518 481 1629 481 1629 453
707 1421 707 1401 730 1401 730 1304 788 1304
1892 886 1892 885 1792 885 1792 841 1758 841
1716 1791 1716 1768 1731 1768 1731 1660 1753 1660
693 703 749 703 749 684 767 684 767 663
1110 151 1141 151 1141 223 1148 223
161 1280 160 1280 160 1314 156 1314
965 269 966 269 966 345 978 345
614 38 547 38 547 37
525 345 525 330 642 330 642 295 643 295
737 864 738 864 738 993 743 993
1379 1272 1421 1272 1421 1345 1423 1345
287 266 305 266 305 213 382 213
1492 1783 1512 1783 1512 1925 1519 1925
300 1243 300 1266 229 1266 229 1336 195 1336
688 1621 730 1621 730 1589 778 1589
1170 766 1109 766 1109 778 1066 778
466 17 438 17 438 25
1818 302 1818 288 1743 288 1743 281 1661 281
558 1004 558 983 636 983 636 849 668 849
1726 510 1726 572 1689 572 1689 645 1644 645
1482 1431 1482 1441 1453 1441 1453 1537 1354 1537
1819 981 1819 1001 1777 1001 1777 1074 1750 1074
808 356 808 359 739 359 739 374
1662 1834 1662 1846 1628 1846 1628 1899
419 1688 419 1782 408 1782 408 1789 402 1789
1654 610 1654 605 1533 605 1533 599
43 1776 43 1741 59 1741 59 1617 160 1617
1716 40 1716 79 1866 79 1866 148
1596 1354 1496 1354 1496 1409
1881 593 1894 593 1894 628
325 1924 259 1924 259 1814 207 1814 207 1792
889 554 905 554 905 627 1014 627 1014 643
1521 1165 1463 1165 1463 1246 1397 1246 1397 1264
707 46 709 46 709 82 797 82 797 141
1182 1278 1241 1278 1241 1362 1280 1362 1280 1382
33 170 35 170 35 32 68 32
278 1755 278 1712 246 1712 246 1648 238 1648
613 98 651 98 651 164 715 164 715 232
93 324 93 260 56 260 56 226
889 358 889 390 929 390 929 443 998 443
1770 1842 1770 1805 1906 1805 1906 1778
1969 1957 1973 1957 1973 1869 1991 1869
1876 1370 1876 1375 1868 1375 1868 1383 1861 1383
2043 1070 2031 1070 2031 1118 1886 1118
33 1630 33 1627 66 1627 66 1594 135 1594
1706 758 1706 798 1659 798 1659 812
1493 1592 1493 1660 1521 1660 1521 1729 1531 1729
1796 1907 1801 1907 1801 2018 1886 2018 1886 2027
1321 968 1321 961 1398 961 1398 863 1420 863
468 30 468 28 483 28 483 21 545 21
66 1619 176 1619 176 1705 217 1705
865 653 948 653 948 628 1012 628 1012 541
1315 66 1205 66 1205 120 1184 120 1184 167
808 267 808 198 868 198 868 167
773 871 773 796 882 796 882 710 923 710
691 653 740 653 740 639 825 639 825 635
1142 1658 1142 1683 1170 1683 1170 1724 1208 1724
1394 1734 1246 1734 1246 1886 1241 1886
210 1764 210 1717 174 1717 174 1681 92 1681
1507 180 1512 180 1512 228 1639 228 1639 307
128 1963 128 1958 252 1958 252 1808 282 1808
1855 57 1855 64 1725 64 1725 103
1693 1 1693 18 1662 18 1662 147 1655 147
691 1179 653 1179 653 1053 580 1053
540 792 514 792 514 810 403 810 403 818
1780 368 1781 368 1781 520
1417 209 1410 209 1410 77 1313 77 1313 49
1450 599 1450 697 1580 697 1580 718 1600 718
44 2008 49 2008 49 2043 129 2043
809 293 813 293 813 235 833 235 833 228
603 1054 581 1054 581 1074 442 1074 442 1119
636 1188 579 1188 579 1169 499 1169 499 1159
1836 1903 1836 1937 1886 1937 1886 2002 1928 2002
581 1735 593 1735 593 1705 652 1705 652 1573
463 820 478 820 478 850 604 850
1184 768 1185 768 1185 776 1275 776
868 1857 867 1857 867 1833
543 1667 543 1666 608 1666 608 1634 626 1634
1046 1823 1046 1817 1045 1817 1045 1806 1014 1806
2013 329 2003 329 2003 377 1931 377
686 1873 694 1873 694 1897 850 1897 850 1949
543 918 543 881 488 881 488 823 437 823
343 1628 343 1609 366 1609 366 1474 402 1474
1543 1258 1548 1258 1548 1334 1655 1334 1655 1381
174 28 174 37 163 37 163 79 143 79
1070 1680 1155 1680 1155 1681 1228 1681
1181 766 1181 777 1193 777 1193 853 1332 853
1246 1082 1246 1044 1260 1044 1260 1035 1291 1035
1699 456 1702 456 1702 569 1862 569 1862 613
1085 470 1090 470 1090 397 1128 397 1128 311
1509 509 1438 509 1438 468
1 501 26 501 26 645 72 645
379 1145 417 1145 417 1213 509 1213 509 1218
1359 196 1238 196 1238 201 1232 201 1232 236
1353 1276 1353 1277 1276 1277 1276 1291
917 1115 965 1115 965 1146 978 1146
139 967 139 934 132 934 132 878
329 1964 329 1944 445 1944 445 1828 477 1828
626 127 623 127 623 158 551 158 551 225
1916 1171 1941 1171 1941 1216 1955 1216
575 744 567 744 567 698 495 698 495 613
442 1426 443 1426 443 1475 534 1475
1657 979 1657 949 1559 949 1559 927
1353 1425 1353 1487 1431 1487 1431 1557 1495 1557
1675 1558 1675 1539 1708 1539 1708 1431 1715 1431
492 644 491 644 491 656 340 656
1229 1608 1229 1636 1195 1636 1195 1734 1112 1734
206 2023 206 2016 338 2016 338 1960 351 1960
1598 905 1585 905 1585 907 1527 907
1381 1379 1379 1379 1379 1396 1240 1396 1240 1437
1718 1568 1707 1568 1707 1640 1602 1640
543 1222 543 1191 556 1191 556 1190 635 1190
413 176 435 176 435 293 526 293 526 309
1050 622 1050 682 973 682 973 784 962 784
692 252 692 256 800 256 800 325 844 325
1027 355 1027 354 943 354 943 327 914 327
1089 1396 1089 1393 1165 1393 1165 1336 1237 1336
1694 1834 1693 1834 1693 1872
1079 2007 1145 2007 1145 1916
533 548 533 580 451 580 451 612
1144 241 1140 241 1140 206 1139 206 1139 160
761 385 761 344 794 344 794 270
1011 1910 1011 1952 992 1952 992 1989 938 1989
1976 10 1976 15 1927 15 1927 171
1179 1455 1185 1455 1185 1360 1218 1360
1248 1890 1248 1879 1282 1879 1282 1862 1312 1862
728 1790 728 1864 884 1864 884 1953
780 1591 927 1591 927 1562 932 1562 932 1513
1355 1861 1359 1861 1359 1747 1386 1747
694 1952 687 1952 687 2006 574 2006 574 2027
100 1071 136 1071 136 935
392 1106 456 1106 456 1043 458 1043
2001 746 2001 754 1959 754 1959 824 1852 824
766 457 644 457 644 412 634 412 634 384
1726 192 1728 192 1728 206 1787 206 1787 279
222 84 222 30 194 30 194 17 153 17
861 703 861 699 792 699 792 670 782 670
598 1898 598 1886 537 1886 537 1870 473 1870
128 1661 128 1623 226 1623 226 1614
1147 913 1162 913 1162 894 1205 894
520 703 520 716 412 716 412 779 378 779
412 1058 367 1058 367 938 359 938
981 1070 1074 1070 1074 1068
484 325 484 324 519 324 519 277
1864 39 1864 46 2018 46 2018 91
84 614 84 665
616 964 555 964 555 992 505 992 505 1043
1449 1651 1419 1651 1419 1771 1386 1771
1460 1945 1338 1945 1338 1948
488 1678 429 1678 429 1650 367 1650 367 1569
1559 1661 1563 1661 1563 1543 1590 1543
85 1239 92 1239 92 1324 155 1324 155 1347
1888 1103 1888 1111 1868 1111 1868 1168 1789 1168
1476 357 1488 357 1488 349 1532 349 1532 308
1090 511 1090 521 1142 521 1142 660 1143 660
1763 1918 1803 1918 1803 1891 1895 1891 1895 1882
72 409 72 376 159 376 159 310 191 310
994 1963 994 1962 1022 1962 1022 1885 1149 1885
1255 43 1314 43 1314 49 1411 49 1411 52
1430 1533 1408 1533 1408 1499 1322 1499 1322 1411
1989 493 1989 527 1996 527 1996 543 1998 543
822 1447 822 1463 948 1463 948 1555 986 1555
220 1239 220 1238 233 1238 233 1115
710 471 710 465 814 465 814 394
1028 1873 1026 1873 1026 1910 1012 1910 1012 1948
1663 308 1566 308 1566 310
1420 99 1443 99 1443 2 1549 2
760 1318 746 1318 746 1291 649 1291 649 1232
980 1648 1124 1648 1124 1764
253 118 253 166 143 166 143 179
1549 921 1549 918 1572 918 1572 803 1609 803
1988 813 2005 813 2005 869 2021 869
902 917 921 917 921 881 1047 881 1047 831
1103 227 1080 227 1080 162 1026 162 1026 139
586 1613 611 1613 611 1584 664 1584 664 1452
2037 12 2037 27 1937 27 1937 47
806 1394 806 1433 805 1433 805 1470 799 1470
990 576 964 576 964 528 859 528
967 14 1110 14 1110 91
723 1574 722 1574 722 1578 570 1578
1189 632 1241 632 1241 685 1345 685 1345 717
853 999 853 1031 917 1031 917 1116 953 1116
1320 279 1359 279 1359 429 1388 429
493 657 493 639 612 639 612 614 635 614
1110 1346 1110 1359 1032 1359 1032 1382
1354 145 1424 145 1424 168 1515 168 1515 190
1181 732 1318 732 1318 737
587 337 606 337 606 462 621 462
382 1608 373 1608 373 1509 303 1509 303 1498
949 139 949 138 1113 138 1113 132
272 428 272 362 249 362 249 268 144 268
1165 647 1173 647 1173 632
1503 837 1503 835 1611 835 1611 785 1647 785
1026 1023 1026 957 939 957 939 925 872 925
189 170 255 170 255 93 277 93
1708 876 1708 815 1803 815 1803 715 1839 715
671 1810 723 1810 723 1734 775 1734 775 1711
1598 1407 1648 1407 1648 1505 1716 1505
1134 1541 1147 1541 1147 1655 1151 1655
474 1104 464 1104 464 1125 352 1125 352 1244
331 1007 312 1007 312 1049 273 1049 273 1160
150 1321 150 1266 180 1266 180 1209
229 612 122 612 122 587 90 587
1239 1051 1239 1012 1218 1012 1218 918 1210 918
747 844 748 844 748 751 810 751
1250 646 1250 682 1149 682 1149 693
1701 1406 1730 1406 1730 1382 1832 1382 1832 1354
829 1835 828 1835 828 1870 684 1870 684 1982
1015 658 1017 658 1017 622 1049 622
188 1421 199 1421 199 1566 317 1566
1711 1644 1724 1644 1724 1748
2046 1849 2046 1836 2006 1836 2006 1800
1339 397 1339 375 1299 375 1299 347 1278 347
1897 817 1938 817 1938 767 1955 767 1955 696
1916 1933 1916 1931 1865 1931 1865 1878
2017 1553 2016 1553 2016 1479 1958 1479 1958 1465
1541 635 1556 635 1556 607 1598 607
1319 1028 1340 1028 1340 980 1360 980
0 591 0 448 20 448 20 437
225 1265 289 1265 289 1242 310 1242 310 1212
103 591 99 591 99 623
1786 1565 1739 1565 1739 1553 1736 1553
1274 1937 1159 1937 1159 1883 1119 1883 1119 1851
601 1768 676 1768 676 1796 701 1796
342 340 342 255 339 255 339 239
924 447 924 441 986 441 986 435
1316 33 1316 70 1359 70 1359 101
577 648 583 648 583 592 713 592 713 548
1500 1749 1500 1751 1595 1751 1595 1752 1636 1752
1693 109 1693 100 1706 100 1706 99 1713 99
1701 1111 1701 1050 1739 1050 1739 1004
1093 1528 1093 1527 1086 1527 1086 1372 1037 1372
683 600 683 591 599 591 599 574 561 574
88 564 86 564 86 553 51 553
1883 1974 1883 1965 1760 1965 1760 1867 1747 1867
990 669 975 669 975 805 963 805
222 1502 234 1502 234 1537 240 1537
1696 1706 1680 1706 1680 1681
53 1794 53 1712 64 1712 64 1706 164 1706
66 729 87 729 87 783 88 783 88 883
1308 1691 1308 1682 1355 1682 1355 1611 1380 1611
1533 1984 1510 1984 1510 1839 1506 1839
243 939 243 929 307 929 307 836 311 836
1901 1944 1901 1841 1888 1841 1888 1806
1863 770 1801 770 1801 810 1747 810
895 544 895 480 878 480 878 388 871 388
205 1449 202 1449 202 1541 131 1541 131 1594
1603 802 1593 802 1593 770
888 25 886 25 886 124 875 124
1511 1938 1511 1893 1478 1893 1478 1823 1360 1823
2026 1538 2026 1522 2028 1522 2028 1506 2039 1506
1928 888 2002 888 2002 878 2036 878 2036 875
1451 67 1451 108 1304 108 1304 128
6 1517 6 1524 133 1524 133 1530 167 1530
1393 182 1398 182 1398 120 1548 120
1650 217 1650 256 1618 256 1618 310 1588 310
1357 1318 1357 1319 1476 1319 1476 1440
1733 1604 1762 1604 1762 1705 1856 1705 1856 1707
1777 723 1777 743 1872 743 1872 750
574 10 574 22 508 22 508 69 498 69
1514 1133 1505 1133 1505 1264 1500 1264
585 1200 585 1197 600 1197 600 1111 607 1111
2011 211 2011 177 1899 177 1899 117 1847 117
1774 295 1767 295 1767 243 1764 243
1839 207 1838 207 1838 116 1825 116
1237 516 1254 516 1254 414 1372 414 1372 363
927 273 934 273 934 246 1073 246 1073 185
1741 349 1697 349 1697 342 1645 342
1105 537 1105 524 1084 524 1084 385 995 385
1416 241 1407 241 1407 372
432 990 442 990 442 914 452 914
1682 833 1682 826 1668 826 1668 799 1660 799
1062 905 1062 967 1116 967 1116 1008
645 1531 644 1531 644 1390 603 1390
1602 231 1603 231 1603 317 1610 317
1372 2011 1372 1994 1427 1994 1427 1968
1277 1343 1313 1343 1313 1432 1338 1432 1338 1498
309 1450 310 1450 310 1503 410 1503
513 298 370 298 370 295
1768 26 1874 26 1874 56 1892 56 1892 78
313 996 315 996 315 1016 333 1016 333 1121
1062 1348 1031 1348 1031 1377 975 1377 975 1458
1450 815 1450 816 1336 816 1336 935 1286 935
753 1012 751 1012 751 1145
1290 507 1290 512 1155 512 1155 517
1220 366 1141 366 1141 410 1125 410
383 1796 376 1796 376 1710 326 1710 326 1690
1245 243 1271 243 1271 281 1305 281 1305 332
422 2032 364 2032 364 2007
422 638 415 638 415 607 352 607 352 557
2025 609 2025 586 1949 586 1949 534
1234 1144 1234 1091 1255 1091 1255 1068 1305 1068
898 427 898 424 973 424 973 421 1023 421
1355 684 1352 684 1352 777 1203 777 1203 791
589 2030 589 2029 588 2029 588 1873 581 1873
1159 665 1229 665 1229 775 1254 775
349 1957 337 1957 337 2009 233 2009
1962 1923 1933 1923 1933 1874 1877 1874 1877 1842
1831 1477 1831 1478 1851 1478 1851 1496 1971 1496
353 629 355 629 355 633 373 633 373 637
1414 928 1422 928 1422 922
1717 1951 1708 1951 1708 1939 1684 1939 1684 1937
65 1462 65 1335 197 1335 197 1302
1829 350 1829 283 1920 283 1920 200 1926 200
1582 1487 1557 1487 1557 1538 1440 1538 1440 1567
477 246 452 246 452 252 332 252 332 254
1269 1940 1246 1940 1246 1982
1810 1583 1810 1628 1932 1628 1932 1738 1943 1738
2032 772 2032 623 1989 623 1989 622 1945 622
1794 1424 1794 1407 1685 1407 1685 1351 1655 1351
903 1377 903 1423 892 1423 892 1497 845 1497
2002 47 2002 49 1932 49 1932 95
483 451 448 451 448 471 384 471 384 476
1073 148 1073 104 1125 104 1125 0 1181 0
106 485 106 565 85 565 85 626
704 1948 704 1936 702 1936 702 1839 699 1839
203 586 235 586 235 639 262 639 262 673
389 1313 385 1313 385 1373 283 1373 283 1468
2004 1600 1854 1600 1854 1551 1851 1551
1881 86 1877 86 1877 71 1873 71 1873 55
1154 1565 1234 1565 1234 1495 1286 1495 1286 1486
440 269 551 269 551 241 574 241 574 185
1652 871 1652 870 1574 870
1676 700 1681 700 1681 763 1713 763
943 1808 943 1810 1058 1810 1058 1883 1088 1883
133 85 102 85 102 97 68 97 68 214
556 1185 557 1185 557 1244 581 1244 581 1339
610 308 578 308 578 286 494 286
1932 1011 1931 1011 1931 1010 1800 1010
145 1410 139 1410 139 1429 73 1429 73 1566
1102 62 1009 62 1009 73
1193 870 1194 870 1194 844 1221 844
690 725 693 725 693 707
1876 1285 1876 1289 1729 1289 1729 1308
1836 876 1836 899 1890 899 1890 1015
1392 1785 1473 1785 1473 1945
620 1131 639 1131 639 1190 724 1190 724 1237
1915 295 1917 295 1917 361 2042 361 2042 407
1579 1646 1684 1646 1684 1705 1721 1705 1721 1728
1637 871 1660 871 1660 809 1753 809 1753 791
512 951 490 951 490 1013 435 1013 435 1057
1274 1581 1274 1614 1278 1614 1278 1617 1336 1617
1195 400 1194 400 1194 374 1033 374
948 1191 948 1176 998 1176 998 1167
1024 1155 1050 1155 1050 1204 1144 1204
1941 598 1921 598 1921 566 1799 566 1799 456
764 88 803 88 803 2 852 2
906 1972 883 1972 883 1974 877 1974 877 2003
1745 1711 1805 1711 1805 1824 1812 1824
1953 1872 1953 1805 1903 1805 1903 1717 1871 1717
178 1091 178 1078 174 1078 174 1068 173 1068
498 482 498 598 536 598 536 625 547 625
1694 1538 1649 1538 1649 1553 1640 1553 1640 1581
1806 1076 1807 1076 1807 1116 1853 1116
1021 1473 1021 1544 936 1544 936 1587 877 1587
597 1212 597 1196 670 1196 670 1186
25 971 25 956 168 956 168 917
1771 1442 1771 1408 1700 1408 1700 1312 1613 1312
1433 1873 1433 1830 1449 1830 1449 1734
1793 1113 1793 1174 1911 1174 1911 1201
276 1928 304 1928 304 1901 427 1901 427 1874
1762 1288 1824 1288 1824 1219 1894 1219 1894 1188
515 2005 516 2005 516 1878 517 1878
1875 904 1874 904 1874 902 1788 902
409 941 409 1002 499 1002 499 1053 539 1053
1007 978 1007 1084 998 1084 998 1128
1558 702 1558 699 1415 699 1415 695
1847 1737 1847 1754 1690 1754 1690 1789
191 148 188 148 188 198 71 198
202 1970 301 1970 301 1993 337 1993 337 1994
293 917 291 917 291 927 222 927 222 933
1851 254 1834 254 1834 204 1736 204 1736 100
2015 360 2044 360 2044 303
1112 1139 1130 1139 1130 1083 1141 1083
162 64 122 64 122 115 83 115 83 150
1562 329 1584 329 1584 286 1611 286 1611 173
1112 958 1131 958 1131 959 1143 959
291 1024 281 1024 281 1089 260 1089 260 1168
858 439 851 439 851 560 838 560
1533 804 1540 804 1540 836 1611 836
278 569 278 696 315 696 315 712 343 712
1827 1907 1827 1938 1885 1938 1885 1996 1956 1996
1300 1398 1299 1398 1299 1470 1269 1470
816 1323 770 1323 770 1322 766 1322 766 1321
327 1280 333 1280 333 1232 344 1232 344 1187
1779 27 1861 27 1861 57 1883 57 1883 100
2041 1658 2023 1658 2023 1642 1997 1642
766 1182 766 1169 662 1169 662 1163
475 1394 474 1394 474 1372 471 1372 471 1266
1172 1895 1172 1936 1226 1936 1226 1945
1539 288 1539 334 1636 334 1636 340
802 291 802 196 888 196 888 128 896 128
200 228 207 228 207 114
547 726 547 748 555 748 555 780 644 780
752 1340 752 1371 896 1371 896 1422
933 866 908 866 908 848 895 848
782 1091 813 1091 813 1007 832 1007
1164 1172 1107 1172 1107 1099 1075 1099
1517 1708 1466 1708 1466 1805 1384 1805
579 1309 547 1309 547 1312 544 1312 544 1314
1526 662 1517 662 1517 658 1508 658 1508 623
789 1280 842 1280 842 1326 901 1326 901 1354
1430 35 1429 35 1429 66 1318 66
1556 1529 1482 1529 1482 1456 1423 1456 1423 1404
257 1973 257 1953 177 1953 177 1931 164 1931
1786 1818 1786 1842 1898 1842 1898 1961 1909 1961
485 1538 536 1538 536 1479 579 1479 579 1454
752 1131 753 1131 753 1151 797 1151 797 1249
1370 418 1439 418 1439 472 1500 472
921 351 900 351 900 348 896 348 896 308
163 396 227 396 227 246 288 246 288 240
380 81 387 81 387 151
441 1652 501 1652 501 1601 521 1601 521 1563
870 763 870 742 723 742 723 630
1355 1797 1338 1797 1338 1755
1216 969 1216 1008 1151 1008 1151 1035
830 149 830 59 767 59 767 56 715 56
331 1632 345 1632 345 1600 369 1600
1500 883 1541 883 1541 869 1625 869 1625 824
1122 1424 1121 1424 1121 1417 975 1417
1026 913 1114 913 1114 866 1124 866 1124 799
643 1223 650 1223 650 1262 676 1262
1297 287 1297 285 1180 285 1180 268
1568 690 1614 690 1614 764 1662 764 1662 786
23 1361 152 1361
1930 1932 1930 1803 1820 1803 1820 1789 1796 1789
1137 409 1137 306 975 306 975 301
1350 482 1481 482 1481 484
685 1733 685 1732 573 1732 573 1705
359 374 359 380 426 380 426 511
1606 1399 1586 1399 1586 1459 1483 1459 1483 1476
442 690 399 690 399 749 300 749 300 838
1788 839 1720 839 1720 943 1633 943 1633 946
1306 1723 1356 1723 1356 1642 1381 1642 1381 1588
1169 1991 1169 1964 1055 1964 1055 1830 1021 1830
740 552 776 552 776 428 802 428 802 418
251 350 343 350 343 303 383 303
2018 455 2046 455 2046 358 2047 358
973 1083 973 1093 898 1093 898 1124
1766 816 1786 816 1786 928 1817 928
830 654 810 654 810 555 809 555 809 552
1042 40 1042 47 932 47 932 100 892 100
1819 988 1771 988 1771 1051 1716 1051 1716 1066
1419 217 1489 217 1489 203 1498 203
1130 370 1130 300 1078 300 1078 234 1043 234
1582 149 1582 146 1661 146 1661 17 1672 17
699 913 845 913 845 873 852 873 852 838
1505 1731 1505 1730 1478 1730 1478 1717 1468 1717
2018 678 1980 678 1980 626 1947 626 1947 624
324 729 324 730 264 730 264 772 164 772
127 1779 152 1779 152 1718 270 1718 270 1713
257 190 257 226 183 226 183 304
643 1734 554 1734 554 1683 526 1683 526 1637
936 1195 822 1195 822 1124
1758 1056 1702 1056 1702 1061
1598 207 1598 208 1651 208 1651 332 1678 332
818 1078 816 1078 816 1058 815 1058 815 1046
529 1991 522 1991 522 2029 493 2029
690 1141 690 1140 658 1140 658 1081 528 1081
475 1350 475 1329 386 1329 386 1297 385 1297
1032 1291 1032 1341 1057 1341 1057 1345 1163 1345
1019 1808 1019 1825 1057 1825 1057 1932 1073 1932
507 1764 522 1764 522 1614 535 1614
1990 1553 1990 1540 1979 1540 1979 1483 1964 1483
1866 686 1915 686 1915 632 1986 632
1073 1744 1062 1744 1062 1794 936 1794 936 1895
956 33 993 33 993 86 1053 86 1053 132
1104 1310 1175 1310 1175 1275 1240 1275
1176 1796 1119 1796 1119 1793
1516 282 1516 260 1543 260 1543 241 1594 241
805 529 805 530 811 530 811 688 918 688
659 1095 659 1074 700 1074 700 1011 701 1011
1562 1047 1563 1047 1563 1007 1627 1007
1386 1027 1386 1028 1537 1028 1537 1058
238 129 238 109 186 109 186 37 177 37
1547 1430 1547 1496 1546 1496 1546 1536
2040 399 1979 399 1979 415 1908 415 1908 429
196 1513 183 1513 183 1602 79 1602 79 1612
1062 1020 1167 1020 1167 1017 1224 1017
942 1821 948 1821 948 1971 1085 1971 1085 1979
223 1547 223 1545 305 1545 305 1513 322 1513
1536 432 1511 432 1511 460 1402 460 1402 508
266 167 215 167 215 113 130 113 130 105
44 1403 49 1403 49 1533 141 1533 141 1537
2047 1601 2047 1625 1939 1625 1939 1643
448 661 447 661 447 707 442 707
1631 1764 1631 1759 1666 1759 1666 1633 1679 1633
1667 729 1666 729 1666 759 1557 759
652 12 669 12 669 90 739 90
1902 270 1902 280 1814 280 1814 413 1772 413
1177 130 1199 130 1199 229 1226 229
187 144 188 144 188 75 340 75 340 57
9 449 9 488 36 488 36 503
1816 510 1852 510 1852 603 1862 603
517 307 483 307 483 389 380 389 380 397
1949 531 1948 531 1948 546 1904 546 1904 680
462 962 462 993 530 993 530 1021
1347 225 1347 226 1286 226 1286 313 1269 313
965 1550 965 1549 1023 1549 1023 1507 1036 1507
1447 1792 1374 1792 1374 1910 1370 1910
1455 327 1411 327 1411 249 1398 249 1398 187
1144 1719 1130 1719 1130 1644 1010 1644 1010 1634
6 342 6 299 104 299 104 227 124 227
1640 1691 1640 1690 1641 1690 1641 1654 1754 1654
1900 176 1900 103 1951 103 1951 48 2022 48
33 14 20 14 20 7 16 7
2009 652 1998 652 1998 597 1922 597 1922 593
1099 1926 1079 1926 1079 1981 1024 1981 1024 2006
41 396 42 396 42 523 80 523
752 861 752 906 773 906 773 965
492 1758 521 1758 521 1703 621 1703 621 1606
846 302 845 302 845 335 755 335 755 342
757 878 757 905 776 905 776 951 805 951
1832 665 1795 665 1795 732 1787 732
1567 2002 1567 1986 1487 1986 1487 1974
1626 676 1609 676 1609 598 1531 598 1531 564
1868 1588 1869 1588 1869 1569 2017 1569 2017 1528
481 1233 481 1137 445 1137 445 1108
1779 1506 1779 1538 1940 1538 1940 1557
1204 868 1170 868 1170 977 1133 977 1133 1031
1550 1746 1519 1746 1519 1729 1479 1729 1479 1603
2021 35 2012 35 2012 128 2011 128 2011 170
402 1962 402 1959 313 1959 313 1924
820 1829 820 1819 900 1819 900 1751 951 1751
1072 1641 1072 1565 1122 1565 1122 1517
1516 536 1570 536 1570 557
258 23 230 23 230 85 200 85 200 103
1419 1773 1419 1802 1372 1802 1372 1852 1288 1852
1587 1337 1542 1337 1542 1305 1472 1305 1472 1196
664 356 664 379 633 379 633 428 608 428
1506 2024 1612 2024 1612 1985 1649 1985
1270 251 1319 251 1319 346
568 214 568 212 504 212 504 163
1969 818 1968 818 1968 843 1964 843
794 1781 789 1781 789 1787 688 1787 688 1788
234 1561 151 1561 151 1495 99 1495
1922 1257 1922 1347 1940 1347 1940 1416
745 2009 824 2009 824 2007 899 2007 899 1882
174 1360 174 1363 154 1363 154 1366 125 1366
775 1411 775 1412 791 1412 791 1430 922 1430
1859 1011 1859 999 1883 999 1883 987 1928 987
1811 1921 1811 1881 1763 1881 1763 1793 1700 1793
115 490 114 490 114 388 99 388
1311 729 1286 729 1286 613 1271 613
796 466 796 437 713 437 713 325 711 325
532 1084 532 1077 613 1077 613 999 615 999
1863 860 1864 860 1864 851 1914 851 1914 785
576 911 576 790 499 790 499 770 460 770
961 10 994 10 994 74 1062 74 1062 141
317 780 183 780 183 696 173 696
236 1806 283 1806 283 1826 369 1826
400 721 400 828 416 828 416 857 452 857
132 395 132 411 122 411 122 544 117 544
451 1338 451 1397 498 1397 498 1461 574 1461
67 810 62 810 62 649
765 1938 893 1938 893 1867 895 1867 895 1827
1677 1795 1678 1795 1678 1677 1809 1677
724 1324 724 1373 809 1373 809 1395 834 1395
1306 1752 1357 1752 1357 1770 1397 1770
1797 571 1797 572 1812 572 1812 599 1826 599
1609 1593 1609 1561 1703 1561 1703 1437 1752 1437
1702 1729 1702 1757 1701 1757 1701 1874 1663 1874
1463 869 1458 869 1458 747 1456 747
547 1541 591 1541 591 1426 624 1426
1421 652 1429 652 1429 717 1434 717 1434 720
1972 453 1962 453 1962 496 1929 496
1583 1515 1558 1515 1558 1530 1489 1530
1355 1921 1359 1921 1359 1876 1400 1876 1400 1807
813 1588 825 1588 825 1735 848 1735
536 1362 546 1362 546 1370 553 1370 553 1372
1820 712 1820 713 1907 713 1907 715 1972 715
1107 99 1107 120 1172 120 1172 235 1182 235
1175 1234 1175 1216 1205 1216 1205 1199 1231 1199
1752 272 1752 296 1801 296 1801 390 1830 390
1219 97 1219 105 1293 105 1293 164 1327 164
102 2011 95 2011 95 1988 12 1988 12 1905
622 1946 601 1946 601 1905 524 1905 524 1897
83 491 217 491 217 483
390 1330 384 1330 384 1291 290 1291 290 1273
749 1121 759 1121 759 1133 904 1133
1694 1221 1736 1221 1736 1262 1796 1262
622 635 662 635 662 641
1415 1877 1415 1895 1435 1895
879 1756 739 1756 739 1865 718 1865 718 1869
766 1610 776 1610 776 1652
1296 280 1296 229 1402 229 1402 125
1127 679 1127 690 1111 690 1111 832 1101 832
1867 2017 1867 2006 2014 2006 2014 1996
1398 396 1431 396 1431 331 1454 331
539 1037 539 1013 576 1013 576 984 620 984
1316 146 1316 111 1444 111 1444 21 1467 21
1675 368 1590 368 1590 502 1555 502 1555 509
726 331 726 330 817 330 817 286
289 1305 245 1305 245 1359 138 1359 138 1361
1998 426 1943 426 1943 460 1910 460
1843 117 1802 117 1802 163 1792 163 1792 271
1543 195 1549 195 1549 116 1638 116 1638 89
1061 596 1046 596 1046 569 1027 569 1027 474
1484 89 1516 89 1516 105 1525 105 1525 215
170 675 205 675 205 837 304 837
263 917 251 917 251 991 214 991
939 370 939 277 870 277 870 218 822 218
824 1986 873 1986 873 1979 983 1979
1351 2021 1350 2021 1350 1872 1331 1872
479 1267 415 1267 415 1251 353 1251 353 1172
1168 685 1168 733 1220 733 1220 829 1233 829
1842 146 1843 146 1843 229 1898 229
1330 387 1330 389 1215 389 1215 401 1188 401
1042 749 1083 749 1083 716 1108 716
1721 983 1749 983 1749 943 1862 943 1862 926
832 789 832 744 770 744 770 725
877 1872 877 1777 820 1777 820 1732 817 1732
1894 888 1894 891 1758 891 1758 927
809 317 814 317 814 217 891 217 891 183
837 93 837 101 833 101 833 161 795 161
1734 1226 1689 1226 1689 1089 1598 1089
1563 727 1551 727 1551 743 1399 743
350 396 351 396 351 385 397 385
969 782 969 781 961 781 961 768 929 768
2025 1634 2024 1634 2024 1712 1940 1712 1940 1721
365 557 375 557 375 605 401 605 401 652
734 1631 734 1692 811 1692 811 1772 870 1772
1042 1755 1042 1754 1054 1754 1054 1668
359 797 358 797 358 852 305 852 305 881
852 1601 851 1601 851 1469 816 1469
311 217 312 217 312 343 341 343
820 1736 820 1746 779 1746 779 1866 775 1866
342 645 349 645 349 608 407 608
2018 1421 2018 1570 2005 1570 2005 1584
277 1588 277 1569 198 1569 198 1464 168 1464
460 1333 460 1235 433 1235 433 1233 350 1233
1940 1173 1940 1211 1823 1211 1823 1231
1733 1429 1733 1412 1775 1412 1775 1402
1916 1104 1894 1104 1894 1094 1857 1094 1857 1012
380 480 380 400 382 400 382 399 424 399
354 96 354 196 321 196 321 232 316 232
106 88 105 88 105 113 89 113
1195 1599 1264 1599 1264 1540 1277 1540 1277 1505
920 1175 920 1197 895 1197 895 1296
559 2028 570 2028 570 1972 594 1972 594 1909
1989 1942 1996 1942 1996 2018 2003 2018
1441 695 1441 705 1569 705 1569 735
931 845 931 847 884 847 884 860
568 603 567 603 567 695 544 695
1319 1929 1297 1929 1297 1912 1291 1912 1291 1903
230 1767 230 1758 239 1758 239 1743 250 1743
1922 444 1923 444 1923 440 2013 440
485 885 474 885 474 839 449 839
1322 612 1296 612 1296 605 1254 605 1254 602
1626 1424 1626 1461 1617 1461 1617 1497
1268 1270 1255 1270 1255 1188 1184 1188
1625 618 1611 618 1611 633 1598 633 1598 639
1918 334 1934 334 1934 220 1988 220 1988 205
45 1533 33 1533 33 1414
723 766 716 766 716 728 699 728 699 719
1227 331 1257 331 1257 335
1445 448 1482 448 1482 442 1500 442
610 1329 610 1338 684 1338 684 1383 723 1383
429 1546 403 1546 403 1534 267 1534 267 1488
333 1892 333 1878 375 1878 375 1765
1527 971 1527 955 1439 955 1439 815 1410 815
2010 1444 2010 1436 2016 1436 2016 1433 2047 1433
1682 1629 1681 1629 1681 1584 1617 1584
1870 235 1870 287 1936 287 1936 337
647 1489 647 1532 544 1532 544 1574
1410 1202 1410 1196 1368 1196 1368 1180 1271 1180
953 1435 952 1435 952 1443 937 1443 937 1565
561 1764 677 1764 677 1787 688 1787
1271 1541 1298 1541 1298 1430 1392 1430
1862 1698 1862 1731 1852 1731 1852 1796 1828 1796
759 404 759 343 791 343 791 304
1529 458 1560 458 1560 473 1593 473
416 1198 416 1161 376 1161 376 1144 279 1144
1122 944 1250 944 1250 968 1251 968
2014 601 2014 691 1948 691 1948 731 1867 731
126 1018 166 1018 166 1025
789 736 795 736 795 641 808 641
1526 1815 1550 1815 1550 1775 1616 1775 1616 1766
1391 136 1374 136 1374 201
194 70 219 70 219 22 294 22 294 20
1768 1922 1769 1922 1769 1788 1825 1788
1195 511 1195 504 1106 504 1106 493 1065 493
2030 1674 2030 1739 1941 1739 1941 1744
2000 1348 1874 1348 1874 1370
657 597 657 601 641 601 641 605 631 605
1522 755 1485 755 1485 701
66 875 82 875 82 974 86 974
1215 131 1215 157 1181 157 1181 193 1142 193
623 1692 623 1702 482 1702 482 1805
1967 730 1967 755 1970 755 1970 873 1990 873
1619 780 1619 819 1627 819 1627 882 1643 882
1732 1852 1718 1852 1718 1881 1654 1881 1654 1886
482 1234 482 1219 535 1219 535 1170
1767 1084 1767 1121 1753 1121 1753 1147
1976 254 1976 280 1986 280 1986 416
681 128 624 128 624 176 608 176
84 410 54 410 54 338 18 338
1599 1249 1611 1249 1611 1338 1625 1338
178 1942 178 1930 69 1930 69 1923
293 1492 287 1492 287 1524 281 1524
930 856 940 856 940 791 971 791 971 765
350 1384 310 1384 310 1357 278 1357 278 1334
1822 2021 1822 1956 1814 1956 1814 1876 1714 1876
353 1457 354 1457 354 1499 406 1499
1327 906 1327 939 1261 939 1261 1016
86 1217 86 1162 9 1162 9 1078
275 989 276 989 276 993 285 993
708 69 701 69 701 123 685 123
1049 719 1049 715 1162 715 1162 689
6 1796 6 1742 123 1742 123 1725
608 617 608 626 486 626 486 645 484 645
965 2020 1010 2020 1010 1963
879 776 877 776 877 767 766 767
100 1536 100 1576 47 1576 47 1685
1096 324 1111 324 1111 271 1153 271 1153 257
1926 1264 1926 1261 1762 1261 1762 1134
785 1474 785 1508 840 1508 840 1520 891 1520
267 353 382 353 382 334 406 334
1768 1819 1768 1797 1679 1797 1679 1761 1636 1761
1403 346 1397 346 1397 502
754 2024 828 2024 828 2008 885 2008 885 1995
1429 1705 1443 1705 1443 1613
580 822 580 824 637 824 637 931 681 931
1893 1821 1998 1821 1998 1799 2037 1799 2037 1748
1166 1317 1166 1218 1084 1218 1084 1206
447 757 450 757 450 840 491 840 491 847
344 1466 352 1466 352 1410 414 1410 414 1394
1189 1975 1171 1975 1171 1947
1273 823 1372 823 1372 833 1425 833 1425 910
161 1898 161 1902 62 1902 62 1986
0 759 10 759 10 727
1671 929 1671 925 1689 925 1689 885
917 1635 917 1632 944 1632 944 1500
1854 298 1824 298 1824 203 1737 203 1737 147
60 888 56 888 56 752
509 23 510 23 510 108 540 108
462 466 462 524 401 524 401 584 341 584
34 708 35 708 35 827 186 827 186 847
1826 1531 1826 1528 1795 1528 1795 1384
588 1421 572 1421 572 1393 568 1393 568 1387
1405 923 1361 923 1361 944 1260 944 1260 1009
1389 1824 1389 1858 1253 1858 1253 1928 1237 1928
154 436 177 436 177 535 188 535
1070 741 1078 741 1078 718
1089 386 1089 469 1026 469 1026 517 1000 517
216 930 217 930 217 1041 283 1041
936 1791 925 1791 925 1669 858 1669
1825 380 1818 380 1818 310 1734 310 1734 296
1336 372 1300 372 1300 283 1237 283 1237 235
1630 278 1637 278 1637 357 1656 357
269 1097 398 1097 398 1086
1295 1704 1131 1704 1131 1705
897 873 879 873 879 991 776 991 776 1012
1629 1689 1629 1744 1657 1744 1657 1764
2011 1910 1924 1910 1924 1974 1901 1974 1901 1992
902 1169 937 1169 937 1278 997 1278 997 1306
767 645 744 645 744 700 617 700
427 841 399 841 399 782 265 782 265 748
741 1135 740 1135 740 1141 631 1141
1254 638 1254 658 1321 658 1321 671 1354 671
57 1281 57 1275 22 1275 22 1172 13 1172
601 2004 599 2004 599 1984 451 1984 451 1956
384 1889 384 1888 310 1888 310 1836 284 1836
1061 282 1061 251 966 251 966 249
62 443 62 394 225 394 225 319 226 319
307 1832 294 1832 294 1805 209 1805 209 1728
1104 972 1090 972 1090 1089 1016 1089 1016 1133
543 1618 542 1618 542 1557 469 1557 469 1514
1790 1592 1790 1566 1733 1566 1733 1469 1710 1469
233 569 233 705 314 705 314 713
1440 862 1441 862 1441 951 1588 951
1390 586 1424 586 1424 584 1465 584 1465 580
553 2019 553 2005 701 2005 701 1981
1867 270 1867 253 1836 253 1836 188 1794 188
1562 360 1557 360 1557 430 1446 430 1446 459
999 975 963 975 963 974 915 974 915 946
377 1705 377 1678 422 1678 422 1676
825 420 783 420 783 352 704 352 704 350
1760 1409 1702 1409 1702 1497 1638 1497 1638 1552
1711 1154 1711 1185 1735 1185 1735 1316 1742 1316
833 1043 889 1043 889 928 936 928 936 883
162 657 161 657 161 650 156 650
543 1385 560 1385 560 1373 687 1373 687 1367
1819 482 1819 455 1798 455 1798 351 1785 351
416 1511 488 1511 488 1429 528 1429 528 1399
670 1896 671 1896 671 1882 734 1882
1658 568 1548 568 1548 578
548 1164 618 1164 618 1102 622 1102
1455 1958 1461 1958 1461 1816 1546 1816
1752 1964 1725 1964 1725 1905 1657 1905
2014 1843 2013 1843 2013 1920 2002 1920
1097 1440 1097 1371 1103 1371 1103 1309
899 485 903 485 903 406 1031 406
715 1242 688 1242 688 1268 628 1268 628 1275
137 158 137 76 146 76 146 29 152 29
1118 1488 1118 1561 1045 1561 1045 1621 1019 1621
1427 1013 1474 1013 1474 877 1493 877 1493 869
704 35 704 89 768 89 768 98
1823 275 1852 275 1852 234 1881 234 1881 182
22 499 18 499 18 498 9 498 9 497
215 1416 187 1416 187 1454 145 1454
980 1366 1111 1366 1111 1343 1129 1343 1129 1334
1922 751 1922 718 1908 718 1908 687 1823 687
580 621 580 641 615 641 615 710 645 710
1284 799 1284 822 1212 822 1212 834
1541 1437 1541 1438 1559 1438
712 1561 831 1561 831 1609 867 1609 867 1677
1259 1172 1259 1220 1246 1220 1246 1312 1238 1312
1963 506 1907 506 1907 438 1819 438 1819 346
1101 1194 1101 1205 1066 1205 1066 1222 1034 1222
1611 15 1560 15 1560 64 1534 64 1534 146
125 732 141 732 141 704 225 704
723 1452 723 1483 719 1483 719 1496 717 1496
97 1526 97 1537 74 1537 74 1570 71 1570
1918 1224 1950 1224 1950 1159
1159 432 1159 305 1059 305 1059 284 1020 284
1600 167 1596 167 1596 76 1592 76
205 1656 233 1656 233 1739 261 1739 261 1755
393 1546 391 1546 391 1512 296 1512 296 1427
1264 1050 1241 1050 1241 1052 1198 1052 1198 1160
916 1376 916 1343 1045 1343 1045 1314 1067 1314
961 1308 958 1308 958 1315 957 1315 957 1414
1426 756 1426 760 1518 760 1518 766
1376 652 1395 652 1395 684
1081 220 1134 220 1134 243 1165 243 1165 261
185 1551 241 1551 241 1491 326 1491 326 1433
636 2034 636 1971 561 1971 561 1914 554 1914
1351 1699 1307 1699 1307 1655 1259 1655
1196 105 1186 105 1186 104 1183 104 1183 102
205 1984 201 1984 201 1862 174 1862 174 1834
275 1274 275 1268 301 1268 301 1252 407 1252
1102 1379 1102 1370 1014 1370 1014 1322
1600 446 1704 446 1704 511 1713 511
816 1494 816 1499 910 1499 910 1596
451 1236 451 1218 505 1218 505 1110
381 308 371 308 371 351 254 351 254 428
1727 644 1727 643 1725 643 1725 642
1690 1152 1690 1143 1721 1143 1721 1140 1741 1140
50 1829 66 1829 66 1860 136 1860 136 1883
240 1998 180 1998 180 1999
59 1863 54 1863 54 1824
1649 198 1633 198 1633 113 1501 113 1501 105
1873 206 1872 206 1872 77 1727 77
545 1676 545 1697 480 1697 480 1730
1488 940 1487 940 1487 906 1471 906 1471 797
1727 196 1727 213 1566 213 1566 265
1109 1918 1109 1874 1069 1874 1069 1850 1067 1850
1987 901 1987 949 1954 949 1954 962
468 215 409 215 409 162 386 162 386 124
877 74 888 74 888 102 915 102 915 171
1530 466 1547 466 1547 557 1559 557
792 745 826 745 826 804 878 804 878 863
682 1041 682 1031 556 1031 556 980
988 263 946 263 946 275 900 275 900 323
1978 522 1978 489 1986 489 1986 460 1988 460
1382 1237 1382 1162 1273 1162 1273 1100 1243 1100
398 1821 394 1821 394 1940 316 1940 316 1958
116 1225 194 1225 194 1220 260 1220 260 1194
1877 60 1874 60 1874 100 1786 100 1786 146
1434 1150 1405 1150 1405 1042 1298 1042 1298 1033
612 978 626 978 626 873
1683 1610 1683 1630 1613 1630 1613 1703
525 594 521 594 521 717 487 717 487 734
1459 926 1459 918 1421 918 1421 891 1311 891
1260 1541 1260 1557 1252 1557 1252 1565 1245 1565
1339 441 1352 441 1352 521 1464 521 1464 548
82 1148 82 1095 167 1095 167 1084 189 1084
1206 313 1261 313
1848 1819 1848 1838 1907 1838 1907 1870 1939 1870
1552 844 1552 742
1419 597 1418 597 1418 568 1276 568
127 449 74 449 74 463 61 463
696 1527 696 1567 716 1567 716 1656
302 579 302 546
1562 343 1540 343 1540 353 1430 353 1430 382
682 1074 682 1075 699 1075 699 1182 707 1182
1074 645 1075 645 1075 562 1126 562 1126 535
1826 784 1876 784 1876 778
162 1267 228 1267 228 1334 321 1334 321 1346
1368 1400 1432 1400 1432 1452 1444 1452 1444 1472
1388 1486 1344 1486 1344 1469 1266 1469 1266 1425
951 1319 968 1319 968 1285 974 1285 974 1279
1545 33 1605 33 1605 66 1639 66 1639 141
1514 1035 1518 1035 1518 1100 1602 1100
30 92 36 92 36 117 138 117 138 146
265 930 265 944 253 944 253 1033 248 1033
994 825 994 934 1033 934 1033 989
952 1764 941 1764 941 1780
730 158 790 158 790 139 794 139
1450 2023 1354 2023 1354 1897
1062 1237 1032 1237 1032 1158 967 1158 967 1103
1753 319 1753 320 1799 320 1799 452 1800 452
1653 301 1664 301 1664 319 1758 319 1758 397
1438 1270 1378 1270 1378 1281 1306 1281 1306 1304
1913 545 1912 545 1912 533 1765 533
501 1155 501 1108 506 1108 506 1012 588 1012
1550 700 1550 756 1447 756 1447 802
1996 1051 1995 1051 1995 1076 1839 1076
499 1456 567 1456 567 1425 624 1425 624 1418
83 1243 83 1219 79 1219 79 1163 52 1163
252 925 252 885 163 885 163 770 123 770
652 1992 628 1992 628 1993 618 1993
1030 1160 1028 1160 1028 1162 963 1162
411 385 352 385 352 387 336 387 336 431
686 217 702 217 702 70 767 70 767 68
682 2019 667 2019 667 1944 636 1944 636 1928
718 1867 735 1867 735 2028 737 2028
1334 1249 1332 1249 1332 1259 1292 1259
673 263 731 263 731 272
145 1808 155 1808 155 1727 277 1727 277 1660
1222 338 1222 353 1067 353 1067 418
677 3 603 3 603 86 551 86
1418 1149 1423 1149 1423 1153
1840 151 1840 230 1902 230 1902 257
1990 812 1849 812 1849 934 1827 934 1827 974
1573 1177 1564 1177 1564 1189 1464 1189 1464 1216
994 46 995 46 995 16 1098 16
930 1217 930 1298 1093 1298 1093 1340
1156 1080 1234 1080 1234 1090 1254 1090
152 1481 50 1481 50 1413 14 1413
542 385 542 357 475 357 475 318 390 318
1119 1820 1119 1807 1236 1807 1236 1781
584 243 641 243 641 308
702 1496 709 1496 709 1411 833 1411
615 1878 612 1878 612 1792 528 1792 528 1774
674 181 692 181 692 240 697 240 697 281
437 1759 463 1759 463 1608 472 1608 472 1603
1375 1512 1375 1437 1393 1437 1393 1353
181 623 128 623 128 633 104 633 104 745
1731 1332 1731 1338 1838 1338 1838 1477 1864 1477
1783 131 1768 131 1768 83 1700 83 1700 37
412 1984 412 1958 326 1958 326 1896
168 776 168 823 189 823 189 851 236 851
2018 1632 2027 1632 2027 1634 2040 1634 2040 1652
44 2024 63 2024 63 1914 79 1914
866 1769 859 1769 859 1788 772 1788 772 1817
1437 1124 1408 1124 1408 969 1303 969 1303 960
1063 1258 1114 1258 1114 1234
1080 1217 1080 1249 985 1249 985 1274 947 1274
29 420 29 529 91 529 91 571 172 571
989 421 989 426 1116 426 1116 515 1149 515
1965 1220 1965 1225 1836 1225 1836 1273
1057 1217 1057 1203 1069 1203 1069 1171 1085 1171
719 1959 698 1959 698 1944 682 1944
1935 798 1934 798 1934 781 1897 781
201 867 218 867 218 1028 228 1028
1566 296 1571 296 1571 274 1647 274
83 1755 88 1755 88 1680 151 1680 151 1641
957 958 1011 958 1011 1032 1079 1032 1079 1059
799 271 798 271 798 417 755 417
888 1124 888 1096 781 1096 781 1039 735 1039
1809 1663 1811 1663 1811 1657 1876 1657
1942 2030 1947 2030 1947 2046
1919 233 1847 233 1847 202 1840 202 1840 175
1761 1964 1761 1961 1833 1961 1833 1871 1872 1871
1398 1346 1398 1347 1405 1347 1405 1483 1414 1483
14 629 1 629 1 681
817 1034 841 1034 841 893 846 893 846 889
957 382 957 247 983 247 983 227 1037 227
343 81 342 81 342 46 331 46
1236 709 1235 709 1235 580 1176 580
1249 705 1255 705 1255 824 1311 824 1311 856
1054 2034 1191 2034 1191 1942 1208 1942
730 1440 702 1440 702 1461 697 1461
161 1197 160 1197 160 1177 144 1177
1456 501 1513 501 1513 453 1575 453 1575 365
589 1334 589 1416 625 1416 625 1472 651 1472
1844 659 1842 659 1842 579 1700 579
309 44 327 44 327 71 354 71 354 89
676 223 676 216 643 216 643 181 560 181
89 1226 91 1226 91 1326 147 1326 147 1353
1926 1881 1926 1888 2012 1888 2012 1923
689 1246 694 1246 694 1380 780 1380 780 1394
1013 1129 1013 1134 1094 1134 1094 1141
585 218 585 244 546 244 546 245 487 245
81 912 80 912 80 949 67 949
1736 1635 1760 1635 1760 1671
1385 1442 1385 1484 1489 1484 1489 1516
1461 725 1460 725 1460 731 1315 731
1493 1313 1494 1313 1494 1420 1505 1420
438 392 439 392 439 416 509 416
773 1444 773 1491 769 1491 769 1497 768 1497
375 551 375 545 236 545 236 500 218 500
1582 625 1595 625 1595 786 1597 786
1793 876 1793 881 1818 881 1818 932 1834 932
315 1882 312 1882 312 1835
1603 1180 1603 1166 1610 1166 1610 1142 1619 1142
1322 1862 1361 1862 1361 1957 1379 1957 1379 1991
1992 1217 2032 1217 2032 1101
735 200 747 200 747 195 887 195 887 77
195 20 279 20 279 135 317 135 317 156
1125 2001 1124 2001 1124 1974 1082 1974
1409 976 1409 890 1400 890 1400 847
647 276 647 305 694 305 694 334 766 334
1364 287 1468 287 1468 345 1521 345
892 414 896 414 896 482 901 482 901 483
446 1517 446 1559 536 1559 536 1681
1664 907 1664 921 1757 921 1757 1000 1783 1000
382 1923 393 1923 393 1813 395 1813 395 1768
147 960 168 960 168 1111 193 1111
1789 1812 1789 1841 1832 1841 1832 1946
366 1334 351 1334 351 1439 347 1439
853 1691 840 1691 840 1747 827 1747
469 762 469 746 611 746 611 702 624 702
681 246 681 197 650 197 650 157
1914 2041 1914 2029 1959 2029 1959 1971 1970 1971
989 1263 989 1266 1048 1266 1048 1291
782 509 836 509 836 544 838 544 838 556
1465 1345 1465 1329 1307 1329 1307 1294
1480 1552 1477 1552 1477 1485 1380 1485 1380 1449
1756 1809 1756 1829 1692 1829 1692 1850 1627 1850
1741 1156 1742 1156 1742 1279
1528 1912 1556 1912 1556 1776 1605 1776
556 1424 555 1424 555 1346 522 1346
2010 1157 2010 1071 1920 1071 1920 1049 1894 1049
649 1795 648 1795 648 1775 579 1775
152 824 154 824 154 710 158 710 158 709
1208 929 1208 1009 1178 1009 1178 1063 1162 1063
1945 4 1899 4 1899 107 1792 107
60 375 160 375 160 351 171 351
1279 176 1279 108 1223 108 1223 91 1194 91
1680 734 1680 779 1618 779 1618 845 1527 845
793 1196 793 1212 685 1212 685 1324 651 1324
1566 313 1567 313 1567 243 1580 243 1580 152
721 12 721 21 859 21 859 94 877 94
2005 1236 2004 1236 2004 1194 1995 1194
677 899 676 899 676 861 666 861
868 98 841 98 841 164 759 164 759 171
1724 23 1724 52 1758 52 1758 164
646 803 646 785 530 785 530 780
1205 156 1203 156 1203 74 1153 74 1153 4
1511 1114 1549 1114 1549 1195 1638 1195 1638 1273
902 365 863 365 863 289 822 289 822 284
313 706 263 706 263 751 239 751
193 1223 193 1112 61 1112 61 1101
311 149 277 149 277 132 267 132
781 429 804 429 804 516 807 516
1663 1274 1663 1281 1702 1281 1702 1363
995 674 995 690 989 690 989 830 981 830
2032 649 2042 649 2042 502
1266 1118 1268 1118 1268 1204 1334 1204 1334 1240
405 1342 405 1361 419 1361 419 1415
348 373 302 373 302 444
849 378 857 378 857 221 867 221
1065 1126 1074 1126 1074 1118 1094 1118 1094 1090
389 395 389 398 340 398 340 419 310 419
1209 1213 1209 1206 1256 1206 1256 1136
1717 1252 1667 1252 1667 1230 1589 1230
520 1596 541 1596 541 1671 590 1671 590 1710
1195 435 1154 435 1154 399
676 1989 676 1943 616 1943 616 1925 543 1925
2013 1691 2011 1691 2011 1601 1944 1601 1944 1572
1247 521 1246 521 1246 489 1095 489
1098 1288 1164 1288 1164 1386 1189 1386 1189 1411
165 1353 165 1401 161 1401 161 1512 131 1512
837 1406 856 1406 856 1485 961 1485 961 1511
1676 991 1676 981 1742 981 1742 923 1747 923
786 1563 786 1496 929 1496 929 1402
1903 301 1903 343 1837 343 1837 435 1829 435
892 360 868 360 868 361
1056 310 1011 310 1011 325
672 1123 674 1123 674 1158 677 1158 677 1184
1962 901 1953 901 1953 950 1883 950 1883 959
359 42 359 67 429 67 429 89
1899 834 1862 834 1862 861 1735 861 1735 976
1176 272 1113 272 1113 296
1154 2014 1190 2014 1190 1933 1277 1933 1277 1884
1817 55 1896 55 1896 180 1929 180 1929 205
1457 1176 1423 1176 1423 1268 1329 1268 1329 1295
724 897 723 897 723 880 641 880
1178 809 1165 809 1165 965 1150 965
1043 1179 1043 1220 1130 1220 1130 1293 1149 1293
778 1537 778 1570 919 1570 919 1596
1758 1241 1758 1285 1654 1285 1654 1304 1610 1304
201 771 195 771 195 670
432 1650 431 1650 431 1545 423 1545 423 1501
1970 1269 1969 1269 1969 1139 1897 1139 1897 1126
492 826 495 826 495 787 540 787
1907 360 1884 360 1884 359
762 135 754 135 754 92 752 92 752 91
137 1424 153 1424 153 1557 166 1557
392 395 392 401 379 401 379 487
52 1329 111 1329 111 1269 128 1269
536 685 536 682 670 682 670 654
740 907 740 795 869 795 869 764
277 788 238 788 238 780
681 1197 638 1197 638 1168 587 1168 587 1085
63 430 63 370 142 370 142 316
1846 1680 1846 1663 1847 1663 1847 1623
1175 541 1175 515 1196 515 1196 494 1273 494
582 822 651 822 651 812 708 812
698 1080 698 1103 619 1103 619 1187 580 1187
1632 950 1632 1008 1564 1008 1564 1061 1505 1061
1075 831 1075 862 1054 862 1054 951 1032 951
1456 134 1456 155 1557 155 1557 190 1564 190
782 1732 790 1732
1072 1329 1065 1329 1065 1352 1043 1352
63 1755 114 1755 114 1766 173 1766
1773 62 1758 62 1758 45 1684 45
1383 1197 1343 1197 1343 1184
160 1760 197 1760 197 1817 217 1817 217 1856
103 927 107 927 107 763
2028 288 2028 284 2046 284 2046 269
532 448 532 441 600 441 600 400
946 1082 1058 1082 1058 1079
1371 657 1371 592 1268 592 1268 548 1259 548
82 87 170 87 170 102 234 102 234 120
623 1574 624 1574 624 1585 690 1585
682 1085 681 1085 681 1042 518 1042
94 1323 110 1323 110 1224 169 1224 169 1191
1035 2038 1030 2038 1030 2040 1028 2040 1028 2043
52 855 104 855 104 865 122 865 122 1017
1698 767 1675 767 1675 689 1553 689 1553 687
1605 1112 1735 1112 1735 1124
2023 1967 1947 1967 1947 1934 1904 1934
1411 202 1412 202 1412 175 1548 175
99 397 108 397 108 505 113 505
46 1220 6 1220 6 1076
973 416 973 419 1070 419 1070 458 1119 458
992 30 992 104 1009 104 1009 110 1024 110
560 1828 560 1934 469 1934 469 1983 433 1983
1323 588 1323 580 1395 580 1395 486
1858 51 1858 101 1801 101 1801 162
177 1990 258 1990 258 1927 303 1927 303 1913
244 1738 275 1738 275 1893 364 1893 364 1896
1650 922 1661 922 1661 802 1727 802 1727 764
1724 518 1762 518 1762 586 1795 586 1795 646
1354 2030 1352 2030 1352 1878
609 277 609 273 483 273 483 159 479 159
1141 630 1141 660 1056 660 1056 683 987 683
1089 757 1179 757 1179 854 1215 854 1215 900
1464 1991 1465 1991 1465 1889 1470 1889
670 598 670 609 579 609 579 627 507 627
23 1438 24 1438 24 1599 68 1599
1047 61 1147 61 1147 108 1152 108
2016 593 2016 585 1965 585 1965 499 1935 499
1756 1126 1778 1126 1778 1157 1788 1157 1788 1194
731 1514 744 1514 744 1500
343 621 376 621 376 642
1806 1580 1812 1580 1812 1694 1868 1694 1868 1707
1887 414 1829 414 1829 433 1822 433 1822 484
1353 690 1356 690 1356 605 1502 605 1502 533
1035 201 945 201 945 353 944 353
438 1945 327 1945 327 1902 319 1902
234 1652 234 1654 381 1654 381 1687 392 1687
891 119 907 119 907 140 1015 140 1015 159
1892 1728 1892 1695 1782 1695 1782 1579 1779 1579
79 1406 79 1425 206 1425 206 1531 222 1531
200 781 170 781 170 696 100 696
1012 561 1012 655 1019 655 1019 676 1078 676
1911 1778 2007 1778 2007 1822 2017 1822
68 1423 53 1423 53 1379 6 1379 6 1276
1706 1909 1718 1909 1718 1980 1727 1980
895 1892 892 1892 892 1775 863 1775 863 1772
1002 921 1003 921 1003 763 1008 763
664 1946 640 1946 640 1945 508 1945
666 2030 502 2030 502 1935
1061 2009 1061 2001 1120 2001 1120 1980
1942 247 1999 247 1999 254 2002 254 2002 258
822 1302 822 1203 985 1203 985 1180
46 1685 46 1686 49 1686 49 1810 63 1810
649 375 592 375 592 427 520 427
686 829 686 743 848 743 848 725
1226 1819 1308 1819 1308 1872 1310 1872
999 464 999 446 1063 446 1063 443
1042 589 1042 646 1092 646 1092 707
218 48 218 69 187 69 187 107
650 766 650 816 555 816 555 863
186 792 278 792 278 743 292 743
380 316 372 316 372 356 226 356 226 360
828 1901 827 1901 827 2021 778 2021
308 134 376 134 376 40 420 40
682 1678 810 1678 810 1592 812 1592
555 1829 504 1829 504 1841 435 1841 435 1845
356 1415 371 1415 371 1413 491 1413 491 1258
1096 773 1096 730 1208 730 1208 725 1227 725
902 786 880 786 880 810 821 810 821 940
1541 290 1558 290 1558 206 1570 206 1570 173
338 1649 338 1656 283 1656 283 1756 249 1756
209 1980 209 1971 96 1971 96 1878 74 1878
1036 464 1036 466 1048 466 1048 533 1068 533
1965 627 1977 627 1977 738 1986 738
310 1087 310 1094 203 1094 203 1208
1958 2005 1917 2005 1917 2004 1853 2004 1853 2002
518 1979 571 1979 571 1974 643 1974 643 1933
1232 280 1232 282 1340 282 1340 323 1365 323
1238 1057 1335 1057 1335 1117 1393 1117 1393 1205
601 277 601 273 486 273 486 121
1468 1685 1309 1685 1309 1683
1276 340 1343 340 1343 342
146 627 146 646 33 646 33 683 20 683
206 1358 206 1357 110 1357 110 1353
802 81 714 81 714 68 686 68 686 61
1136 1431 1135 1431 1135 1297 1075 1297
110 1408 71 1408 71 1462 68 1462
478 1243 478 1168 443 1168 443 1127 401 1127
1112 620 1112 573 1160 573 1160 516 1189 516
724 63 813 63 813 172 857 172
1113 539 1104 539 1104 525 999 525 999 486
1063 718 965 718 965 753 942 753 942 792
1540 1537 1540 1558 1473 1558 1473 1567
1768 264 1768 242 1648 242 1648 223
210 1821 210 1819 159 1819 159 1773 154 1773
974 1107 972 1107 972 1092 833 1092
236 1407 236 1519 238 1519
1476 852 1494 852 1494 916 1584 916
1548 434 1571 434 1571 364 1661 364 1661 305
773 583 773 623 667 623 667 665 624 665
575 1711 591 1711 591 1704 624 1704 624 1631
52 1847 68 1847 68 1812 196 1812 196 1806
39 511 133 511 133 495 191 495 191 480
1990 2019 1990 1970 1923 1970 1923 1910 1907 1910
1654 1402 1597 1402 1597 1462 1551 1462 1551 1516
733 425 734 425 734 463 739 463
1456 164 1556 164 1556 157
1591 1488 1591 1517 1561 1517 1561 1627 1536 1627
1876 1496 1876 1532 1773 1532 1773 1537
1935 1588 1935 1539 1926 1539 1926 1502 1830 1502
159 1034 15 1034 15 964 7 964
634 694 634 667 621 667 621 622 613 622
1637 1769 1626 1769 1626 1918 1625 1918
1979 1222 1978 1222 1978 1177 1963 1177
1177 1581 1177 1603 1084 1603 1084 1604
1650 1283 1650 1282 1617 1282 1617 1230
1824 1614 1815 1614 1815 1653 1788 1653 1788 1674
1353 1280 1280 1280 1280 1250 1256 1250 1256 1241
1063 21 1063 48 964 48 964 124
1751 802 1751 804 1697 804 1697 933 1670 933
220 1414 220 1375 254 1375 254 1374 370 1374
532 699 532 718 413 718 413 781
1643 209 1643 210 1565 210 1565 338 1490 338
1513 502 1508 502 1508 386 1495 386
307 1717 307 1689 327 1689 327 1678
1669 1562 1715 1562 1715 1531
282 1450 281 1450 281 1475 217 1475
146 162 146 181 35 181 35 249 33 249
1579 727 1579 704 1449 704 1449 607 1431 607
779 1260 779 1281 817 1281 817 1380 856 1380
451 957 450 957 450 998 378 998
1650 1496 1698 1496 1698 1473
59 965 60 965 60 1027 122 1027
849 350 836 350 836 444
1755 201 1755 187 1829 187 1829 132
135 1429 135 1465 114 1465
211 28 355 28 355 83 370 83
1155 1609 1155 1607 1235 1607 1235 1496 1268 1496
1216 684 1287 684 1287 575 1344 575
1372 841 1511 841 1511 864 1534 864
1783 615 1783 591 1692 591 1692 463
1764 1599 1778 1599 1778 1695 1927 1695 1927 1721
674 1431 682 1431 682 1501 783 1501
1563 265 1564 265 1564 317 1587 317
1463 654 1463 700 1486 700 1486 742 1535 742
687 439 709 439 709 480 752 480 752 506
1522 818 1431 818 1431 890
1201 656 1201 655 1230 655 1230 515 1234 515
1698 1075 1698 980 1704 980 1704 956
106 477 107 477 107 555 118 555
554 937 554 944 516 944 516 951
2039 531 2038 531 2038 462 1967 462
156 244 156 224 211 224 211 110 230 110
223 386 96 386 96 411 65 411 65 528
17 1989 18 1989 18 2029 48 2029
241 31 344 31 344 193 391 193
197 942 207 942 207 992 209 992 209 1014
1896 1934 1895 1934 1895 1882 1872 1882 1872 1850
1751 1593 1763 1593 1763 1702 1841 1702
522 1600 413 1600 413 1611
520 1602 520 1680 429 1680 429 1755 402 1755
346 222 346 233 247 233 247 236
1946 163 1946 172 2041 172 2041 240
87 1606 87 1681
911 519 898 519 898 569 866 569
668 85 668 98 745 98 745 175 772 175
593 771 615 771 615 722 668 722 668 646
1140 1996 1140 1970 1054 1970 1054 1857 1024 1857
585 753 673 753 673 836 690 836
1686 247 1686 280 1684 280 1684 360 1673 360
978 1518 995 1518 995 1440 1010 1440
963 1690 942 1690 942 1651 852 1651 852 1619
1586 906 1618 906 1618 930 1675 930 1675 975
1130 821 1130 796 1067 796 1067 787
649 884 665 884 665 922 766 922 766 946
2029 1293 2028 1293 2028 1256 1999 1256
1736 1528 1736 1537 1740 1537 1740 1561 1778 1561
1091 1164 1092 1164 1092 1177 1231 1177
1207 371 1200 371 1200 372 1116 372
1988 355 1992 355 1992 330
978 2016 978 1953 953 1953 953 1912 945 1912
1758 1428 1758 1430 1707 1430 1707 1504
787 797 786 797 786 845 707 845 707 864
703 1539 704 1539 704 1550 850 1550
1835 209 1835 250 1962 250 1962 260
36 118 36 222 103 222 103 266
1938 1338 1966 1338 1966 1322 2008 1322 2008 1305
506 448 511 448 511 397 547 397 547 384
584 238 578 238 578 157 517 157 517 121
16 225 19 225 19 278 29 278 29 290
1957 139 2003 139 2003 151
1754 1401 1757 1401 1757 1537
300 581 283 581 283 693 230 693 230 736
1898 1555 1898 1492 1868 1492 1868 1430
1505 555 1514 555 1514 456 1626 456 1626 452
1865 1936 1877 1936 1877 1896 1972 1896 1972 1860
261 363 262 363 262 444 268 444
349 865 349 856 424 856 424 768
1959 1571 1959 1706 1907 1706 1907 1717
1659 190 1659 220 1687 220 1687 313
708 1653 708 1672 597 1672 597 1701
51 332 52 332 52 335 53 335 53 416
601 509 601 505 698 505 698 458
308 781 308 733 266 733 266 676
628 1206 638 1206 638 1221 735 1221
527 1467 543 1467 543 1575 553 1575 553 1617
454 223 512 223 512 117 526 117 526 116
544 1969 543 1969 543 2046
1265 1309 1269 1309 1269 1346 1305 1346 1305 1410
652 1866 652 1763 613 1763 613 1751
376 27 377 27 377 82 383 82 383 187
1105 92 1111 92 1111 75 1200 75
1997 1772 1997 1814 1875 1814 1875 1909 1870 1909
1075 584 1075 569 1148 569 1148 553 1172 553
103 984 103 983 195 983 195 896
285 526 252 526 252 547 249 547
103 638 183 638 183 575 207 575 207 569
872 905 872 980 820 980 820 1004
796 1569 796 1497 814 1497 814 1452 819 1452
726 242 612 242 612 309 565 309 565 347
519 1269 519 1289 597 1289 597 1352 599 1352
777 1514 754 1514 754 1385
1390 1408 1406 1408 1406 1482 1478 1482 1478 1534
1370 1234 1369 1234 1369 1149 1293 1149 1293 1120
1118 19 1204 19 1204 75 1224 75 1224 104
1852 485 1827 485 1827 478 1822 478 1822 378
224 346 224 270 116 270 116 209 77 209
194 705 168 705 168 742 139 742
1488 1602 1384 1602 1384 1587 1330 1587 1330 1527
1516 1092 1517 1092 1517 1112 1593 1112
1121 1095 1115 1095 1115 992 1091 992
506 470 512 470 512 465 513 465 513 448
2034 1911 1976 1911 1976 1903 1893 1903 1893 1837
94 295 94 185 135 185 135 137
615 1064 615 1080 654 1080 654 1148 711 1148
165 1042 152 1042 152 1055 1 1055 1 1195
489 844 489 819 411 819 411 686
362 1068 364 1068 364 961 436 961 436 941
1442 3 1442 4 1374 4 1374 32
1993 1772 2008 1772 2008 1787 2034 1787
508 1195 508 1201 590 1201 590 1220 637 1220
1747 450 1698 450 1698 569 1633 569 1633 590
744 1961 745 1961 745 1994 760 1994
1903 1983 1903 1996 1861 1996 1861 2018 1795 2018
199 691 199 684 265 684 265 651 282 651
1793 689 1751 689 1751 703 1729 703
56 650 34 650 34 773
1312 221 1312 227 1327 227 1327 370 1338 370
1351 1512 1350 1512 1350 1637
1606 662 1606 643 1600 643 1600 606 1489 606
1018 802 1062 802 1062 780 1110 780 1110 775
1991 1074 1981 1074 1981 969 1844 969 1844 947
102 1054 185 1054 185 1039 205 1039 205 1024
616 1637 615 1637 615 1670 570 1670
278 1933 268 1933 268 1960 188 1960 188 1984
1751 1306 1752 1306 1752 1317 1887 1317
765 952 867 952 867 906 920 906 920 905
1396 287 1396 306 1270 306
54 690 19 690 19 624 10 624 10 590
71 552 84 552 84 518 157 518 157 497
663 887 661 887 661 1024 638 1024
276 1644 276 1645 266 1645 266 1698
1699 345 1699 337 1803 337 1803 218 1822 218
2032 1861 2032 1899 1906 1899 1906 1933 1872 1933
628 331 628 367 683 367 683 409 703 409
1219 748 1120 748 1120 839 1111 839 1111 876
1319 1945 1198 1945
1503 15 1503 16 1644 16 1644 33
804 1010 734 1010 734 1090 725 1090 725 1140
1174 947 1174 916 1084 916 1084 894
728 562 743 562 743 581 776 581 776 644
1726 1769 1761 1769 1761 1883 1764 1883
748 214 748 220 719 220 719 240
1130 1074 1130 1062 1174 1062 1174 1013 1231 1013
1764 649 1759 649 1759 635 1698 635 1698 619
1706 1787 1706 1774 1850 1774 1850 1730 1855 1730
1463 1601 1417 1601 1417 1710 1398 1710
948 1317 948 1318 848 1318 848 1325 846 1325
65 371 65 360 76 360 76 214 217 214
1514 1138 1417 1138 1417 1096 1383 1096 1383 984
39 516 39 448 151 448 151 406 203 406
1795 1274 1678 1274 1678 1195 1666 1195
701 1301 710 1301 710 1398 728 1398
1517 507 1517 511 1546 511 1546 565
1462 1163 1462 1157 1485 1157 1485 1095 1499 1095
1080 242 1185 242 1185 161 1220 161
961 641 1001 641 1001 678 1029 678 1029 733
1264 1505 1288 1505 1288 1511 1349 1511
184 376 221 376 221 318 246 318 246 303
903 763 950 763
496 743 496 767 510 767 510 859
1273 337 1273 367 1210 367 1210 485 1177 485
809 1125 809 1101 777 1101 777 1079
590 767 590 781 578 781 578 915 577 915
349 260 340 260 340 303 214 303 214 357
1467 920 1470 920 1470 843 1528 843 1528 837
939 1913 931 1913 931 1895 795 1895 795 1885
1639 1055 1587 1055 1587 1098 1574 1098
1900 933 1900 875 1805 875 1805 800
1514 1968 1624 1968 1624 1920 1626 1920
1720 418 1725 418 1725 350 1794 350 1794 299
217 1243 272 1243 272 1235 320 1235 320 1135
79 109 79 63 126 63 126 33
359 1950 359 1946 453 1946 453 1918 464 1918
1741 608 1739 608 1739 592 1730 592
1815 868 1796 868 1796 757 1698 757 1698 717
1160 1188 1160 1181 1184 1181 1184 1031 1214 1031
167 253 301 253 301 416 310 416
876 846 876 847 856 847 856 890 803 890
1467 206 1405 206 1405 186 1348 186 1348 174
1141 1811 1146 1811 1146 1908
1467 307 1467 308 1394 308 1394 361 1361 361
1650 656 1650 574 1643 574 1643 571 1641 571
193 1494 193 1463 198 1463 198 1370 304 1370
135 432 135 420 111 420 111 416 99 416
597 1912 597 1890 450 1890 450 1844
1897 813 1851 813 1851 881 1842 881 1842 886
1676 1174 1676 1172 1606 1172 1606 1171 1589 1171
2028 545 1974 545 1974 548 1911 548 1911 557
1186 1217 1240 1217 1240 1210 1279 1210
950 1631 875 1631 875 1618 803 1618
1308 1326 1308 1267 1335 1267 1335 1179 1381 1179
1657 818 1656 818 1656 775 1601 775
1749 1812 1787 1812 1787 1829 1869 1829
1417 529 1329 529 1329 491 1297 491
566 769 566 720 414 720 414 608
1078 155 1079 155 1079 153 1196 153
505 1519 436 1519 436 1534
1551 423 1543 423 1543 342 1540 342 1540 263
342 98 342 101 228 101 228 102
1979 737 2003 737 2003 714 2005 714 2005 712
83 1331 83 1405 201 1405 201 1423
603 1914 604 1914 604 1909 693 1909 693 1888
820 1379 820 1368 903 1368 903 1311 913 1311
2012 1623 1918 1623 1918 1624
1606 71 1607 71 1607 58 1656 58
1474 314 1488 314 1488 230 1629 230 1629 223
770 2047 854 2047 854 2021 934 2021 934 1973
1698 1726 1673 1726 1673 1758 1542 1758
33 1446 34 1446 34 1498 152 1498 152 1509
761 626 766 626 766 685 767 685 767 695
17 26 17 46 45 46 45 184 128 184
884 1907 876 1907 876 1866 855 1866 855 1818
117 185 117 269 200 269 200 335
1251 957 1251 937 1285 937 1285 862 1347 862
339 851 339 845 204 845 204 695
94 1594 94 1593 130 1593 130 1572 219 1572
447 1974 448 1974 448 1823 468 1823
1133 425 1133 473 1087 473 1087 516
1788 1849 1788 1809 1853 1809 1853 1734
632 882 546 882 546 786 516 786 516 777
1292 354 1171 354 1171 191 1147 191
681 1499 666 1499 666 1662
419 1880 342 1880 342 1891 281 1891
798 170 793 170 793 261
20 1299 20 1362 52 1362 52 1444 117 1444
497 1914 508 1914 508 1877 528 1877 528 1802
87 869 87 841 42 841 42 797 37 797
893 1479 917 1479 917 1357 953 1357 953 1332
1334 1103 1334 1067 1242 1067 1242 1052
354 242 331 242 331 328 250 328 250 350
893 516 893 527 779 527 779 671 773 671
1833 108 1839 108 1839 231 1844 231 1844 271
1518 1027 1488 1027 1488 963 1391 963 1391 893
1070 861 1053 861 1053 870 941 870 941 872
186 660 205 660 205 617
629 150 628 150 628 152 491 152
1216 1476 1216 1503 1119 1503 1119 1565
189 588 189 567 216 567 216 464 237 464
1940 1919 2035 1919 2035 1870
532 1608 532 1562 404 1562 404 1527
993 992 1008 992 1008 1065 1157 1065 1157 1093
1963 1881 1963 1841 2017 1841 2017 1770
507 883 507 907 441 907 441 985
954 644 954 630 1114 630 1114 614
75 218 75 208 178 208 178 101
759 1836 760 1836 760 1875 761 1875
315 1670 320 1670 320 1616 334 1616 334 1569
106 1763 106 1717 165 1717 165 1650 242 1650
347 1375 355 1375 355 1472 376 1472 376 1480
2039 351 2043 351 2043 189
1473 105 1472 105 1472 41 1458 41
281 695 339 695 339 688
1090 165 1092 165 1092 161 1116 161 1116 155
1179 1823 1179 1828 1019 1828 1019 1885
1694 1791 1645 1791 1645 1792 1597 1792
128 169 89 169 89 157 36 157
1711 1051 1711 1038 1735 1038 1735 984
373 526 264 526 264 528 259 528
1944 1296 1929 1296 1929 1232 1834 1232
1959 155 1944 155 1944 215 1825 215 1825 253
1303 1691 1289 1691 1289 1660 1245 1660 1245 1621
1059 2008 1146 2008 1146 1947 1166 1947
72 1402 72 1426 100 1426 100 1467 173 1467
841 1920 840 1920 840 1935 711 1935
80 1302 80 1314 50 1314 50 1325
426 846 426 720 584 720 584 701
513 1543 513 1493 357 1493 357 1479
1539 829 1532 829 1532 795 1518 795 1518 786
1226 1782 1139 1782
1841 914 1841 880 1846 880 1846 787 1863 787
741 875 741 853 811 853 811 850 829 850
1225 179 1227 179 1227 237 1284 237 1284 282
1570 1732 1570 1609 1664 1609 1664 1600
244 466 273 466 273 383 343 383
1930 1102 1918 1102 1918 1130
128 740 214 740 214 689 260 689 260 671
1164 37 1188 37 1188 26
1023 427 952 427 952 422 936 422 936 348
1802 1045 1802 1125 1713 1125 1713 1126
671 1119 801 1119 801 1102
1023 721 1023 728 970 728 970 782 940 782
1903 971 1903 1047 1780 1047 1780 1135 1762 1135
312 441 352 441 352 488 395 488 395 505
904 821 924 821 924 764 958 764 958 746
661 1096 712 1096 712 1100 823 1100 823 1101
638 1144 574 1144 574 1087 501 1087 501 1062
747 1860 729 1860 729 1735 700 1735
1852 796 1852 873 1909 873 1909 890
1367 1937 1368 1937 1368 1933 1457 1933
553 1480 539 1480 539 1566
123 545 177 545 177 568 256 568 256 582
644 199 662 199 662 298 754 298 754 303
48 1781 44 1781 44 1908
197 1375 197 1409 80 1409 80 1479
1959 650 1947 650 1947 732 1916 732 1916 738
2008 989 2008 892 2004 892 2004 841 2002 841
1621 8 1654 8 1654 160 1659 160
1517 1965 1531 1965 1531 1961 1533 1961 1533 1947
1954 1975 1903 1975 1903 1840 1804 1840 1804 1813
1393 1845 1402 1845 1402 1887 1445 1887 1445 1987
1802 738 1802 695 1922 695 1922 604 1949 604
1420 1111 1420 1027 1485 1027 1485 956
386 1876 385 1876 385 1891 343 1891
1639 1483 1556 1483 1556 1526 1485 1526
1693 1413 1763 1413 1763 1415 1829 1415 1829 1424
178 1994 259 1994 259 1971 282 1971
212 1263 212 1264 67 1264 67 1313
1795 1038 1795 1022 1741 1022 1741 944 1702 944
1467 1447 1480 1447 1480 1368 1562 1368 1562 1354
532 1580 516 1580 516 1679 386 1679 386 1684
2027 397 2027 441 1944 441 1944 478
1593 507 1593 513 1469 513 1469 652
1129 1098 1006 1098 1006 1121
1337 963 1399 963 1399 881 1424 881 1424 865
476 1057 383 1057 383 1074 377 1074 377 1156
1839 395 1839 436 1908 436 1908 504 1959 504
226 1237 225 1237 225 1136 213 1136
149 1827 93 1827 93 1808 52 1808 52 1761
140 1420 207 1420 207 1486 295 1486
749 1148 749 1128 819 1128 819 1033 830 1033
1919 1709 1984 1709 1984 1742 2016 1742 2016 1821
1298 1927 1322 1927 1322 1878 1327 1878
1275 91 1286 91 1286 36 1423 36 1423 31
840 260 840 271 838 271 838 293 828 293
402 597 402 578 463 578 463 475 488 475
2018 1184 2018 1154 2013 1154 2013 1022 1986 1022
1830 1053 1894 1053 1894 1069 1906 1069
26 1011 140 1011 140 957 153 957
565 897 579 897 579 807 645 807 645 776
1829 964 1829 971 1858 971 1858 1062 1860 1062
538 1793 607 1793 607 1868 662 1868 662 1933
934 1462 934 1569 779 1569 779 1621
48 33 48 40 184 40 184 118
1821 437 1875 437 1875 525 1903 525 1903 555
443 1543 413 1543 413 1508 298 1508 298 1381
1468 1559 1468 1568 1484 1568 1484 1610
1122 594 1122 687 1069 687 1069 730
901 1937 867 1937 867 1938 811 1938
182 141 141 141 141 170 98 170 98 178
1158 1251 1171 1251 1171 1192 1246 1192 1246 1168
1544 1542 1544 1598 1466 1598 1466 1648
1974 930 1920 930 1920 874 1833 874 1833 863
317 568 317 523 270 523 270 409 244 409
2038 88 2038 193 2037 193 2037 252
1069 453 1069 465 974 465 974 472 950 472
531 407 531 406 566 406 566 329 661 329
1564 1176 1564 1113 1513 1113 1513 1031 1428 1031
718 1236 718 1247 692 1247 692 1369 667 1369
313 626 285 626 285 691 223 691 223 778
410 186 410 138 441 138 441 112 526 112
1490 485 1490 505 1603 505 1603 552
2040 323 2027 323 2027 224 2021 224
841 1666 836 1666 836 1530
1646 204 1542 204 1542 157 1493 157
524 1218 524 1221 490 1221 490 1268 394 1268
328 1939 328 1830 295 1830 295 1793 292 1793
1502 1343 1502 1397 1499 1397 1499 1457 1474 1457
1013 1766 1013 1749 1052 1749 1052 1686
806 1533 806 1571 779 1571 779 1685 774 1685
1952 753 1921 753 1921 741 1799 741 1799 610
1019 758 993 758 993 865 987 865
1924 1320 1925 1320 1925 1346 1939 1346
758 1126 757 1126 757 1198 643 1198 643 1288
1995 1713 2022 1713 2022 1729
1980 1500 1980 1507 1995 1507 1995 1553 2012 1553
1611 2003 1611 1978 1670 1978 1670 1975 1674 1975
905 362 905 386 932 386 932 400 1040 400
1824 824 1825 824 1825 898 1908 898
1298 566 1298 555 1414 555 1414 498
577 679 611 679 611 604 640 604 640 539
1540 969 1540 1059 1529 1059 1529 1129
403 163 404 163 404 280 413 280
59 492 59 447 97 447 97 399
868 336 868 418 903 418 903 420 954 420
757 1307 769 1307 769 1289 910 1289 910 1242
1481 696 1480 696 1480 651 1474 651
729 929 729 932 679 932 679 975
1371 1142 1298 1142 1298 1152 1276 1152
327 1048 327 1050 283 1050 283 1093
1628 915 1628 923 1682 923 1682 963
30 618 30 598 75 598 75 531 83 531
90 148 90 164 129 164 129 201 206 201
162 91 161 91 161 192
121 1053 114 1053 114 1041 4 1041 4 921
1886 817 1887 817 1887 779 1937 779
2011 1642 2011 1643 1857 1643
1458 103 1458 154 1516 154 1516 257 1531 257
1749 160 1749 202 1832 202 1832 277 1841 277
1651 149 1689 149 1689 311 1783 311
1166 1773 1166 1806 1136 1806 1136 1821 1107 1821
405 1535 415 1535 415 1500 439 1500 439 1461
1388 3 1344 3 1344 48 1326 48
107 222 113 222 113 206 143 206 143 112
1655 535 1637 535 1637 457 1610 457
179 605 208 605 208 576 312 576
391 1236 391 1105 441 1105 441 1080
1552 1194 1575 1194 1575 1154 1624 1154
1730 486 1824 486 1824 484 1884 484 1884 472
1184 264 1184 252 1213 252 1213 251 1241 251
1432 272 1434 272 1434 254 1475 254 1475 186
29 1174 29 1158 168 1158 168 1156
1299 999 1420 999 1420 963
1328 615 1328 661 1358 661 1358 734 1430 734
627 833 579 833 579 789 550 789 550 723
1804 631 1805 631 1805 655 1825 655
1285 40 1285 58 1157 58 1157 88
2020 840 1994 840 1994 838 1979 838 1979 818
1568 821 1568 770 1591 770 1591 721
452 983 452 940 337 940 337 938
827 430 830 430 830 396 959 396 959 269
1003 232 1039 232 1039 114 1043 114
175 1823 218 1823 218 1841 274 1841
886 1410 882 1410 882 1414 869 1414 869 1425
17 1683 17 1575 75 1575 75 1539 99 1539
497 1333 511 1333 511 1322 626 1322
614 2017 615 2017 615 2018 728 2018
901 1158 901 1163 1029 1163 1029 1214
1674 942 1669 942 1669 933 1570 933 1570 919
957 858 957 868 876 868 876 987 866 987
1982 1053 1982 1042 1985 1042 1985 1033 1986 1033
929 1358 975 1358 975 1236 1026 1236 1026 1225
523 1918 526 1918 526 1956 666 1956 666 2018
17 430 17 419 54 419 54 412 138 412
544 558 469 558 469 657 391 657
1623 1823 1623 1721 1650 1721 1650 1697
977 1941 923 1941 923 1899 896 1899
1200 93 1200 97 1084 97 1084 103
422 885 429 885 429 739 478 739 478 735
917 535 865 535 865 569 819 569 819 604
713 1724 713 1725 607 1725
759 39 856 39 856 184
1037 358 942 358 942 276 879 276 879 265
1697 769 1695 769 1695 782 1688 782 1688 796
435 1840 435 1780 464 1780 464 1750 497 1750
1796 14 1723 14 1723 36 1704 36 1704 67
972 1326 971 1326 971 1313 947 1313
868 1906 853 1906 853 1995 728 1995 728 2018
1105 1138 1104 1138 1104 1104 1021 1104
258 1539 288 1539 288 1511 382 1511
1705 915 1728 915 1728 846 1749 846
108 279 108 330 82 330 82 400
450 471 450 512 294 512 294 515
974 1286 974 1418 1030 1418 1030 1429 1048 1429
688 444 685 444 685 327
1562 72 1562 63 1499 63 1499 8
589 360 589 269 706 269 706 223 717 223
961 797 961 828 1067 828 1067 917 1110 917
1267 796 1272 796 1272 775 1381 775 1381 671
1568 1055 1568 1078 1461 1078 1461 1217 1454 1217
1310 1114 1336 1114 1336 1057 1360 1057 1360 1048
1243 545 1243 549 1254 549 1254 601 1259 601
2026 872 2026 767 1960 767 1960 755
731 1379 795 1379 795 1425 803 1425
710 329 754 329 754 238 869 238 869 237
1884 2035 1824 2035 1824 1873 1814 1873
784 675 784 700 852 700 852 709 940 709
1967 123 1967 116 2025 116 2025 67
1913 1645 1986 1645 1986 1655
773 413 773 353 645 353 645 301 644 301
605 358 591 358 591 408 521 408 521 513
1320 802 1396 802 1396 807
205 402 269 402 269 509 308 509 308 531
461 57 455 57 455 64
66 1176 66 1315 74 1315 74 1328
1623 67 1623 70 1570 70 1570 83 1501 83
612 343 573 343 573 407 524 407
1204 293 1228 293 1228 217 1285 217 1285 210
1576 1662 1576 1698 1577 1698 1577 1812 1728 1812
1354 128 1353 128 1353 25 1345 25
665 532 640 532 640 535
1152 1179 1152 1215 1167 1215 1167 1313 1215 1313
1073 1602 1158 1602 1158 1582
723 751 723 763 713 763 713 831 659 831
1705 1066 1775 1066 1775 1029
1066 918 1125 918 1125 884 1188 884
652 920 653 920 653 1051 654 1051 654 1079
918 2041 918 2030 936 2030 936 2027 1043 2027
995 543 995 523 1150 523 1150 509 1159 509
599 1924 599 1979 607 1979 607 1989 623 1989
342 1711 342 1718 306 1718 306 1796 226 1796
442 2018 442 1990 452 1990 452 1987 453 1987
953 826 953 830 941 830 941 858 909 858
44 1953 64 1953 64 1951 196 1951
173 1168 173 1234 139 1234 139 1273 109 1273
1037 487 1049 487 1049 522 1143 522 1143 608
645 611 645 591 682 591 682 582 786 582
1291 32 1317 32 1317 26
1485 1715 1614 1715 1614 1683 1631 1683
1792 1072 1801 1072 1801 1161 1836 1161
1195 1564 1063 1564 1063 1448 1034 1448 1034 1447
233 331 230 331 230 419 126 419
140 774 140 818 51 818 51 833 19 833
1101 575 1133 575 1133 670 1145 670
939 684 893 684 893 591 892 591
1798 726 1798 664 1831 664 1831 623
1676 968 1677 968 1677 984 1750 984 1750 1001
1170 629 1158 629 1158 519 1100 519 1100 488
1733 1707 1733 1708 1856 1708 1856 1786 1897 1786
2019 498 2015 498 2015 538
617 156 576 156 576 135 561 135
37 240 38 240 38 244 46 244
1241 841 1242 841 1242 869 1364 869 1364 896
821 826 877 826 877 872 949 872 949 946
1179 845 1180 845 1180 731 1220 731 1220 705
929 1637 929 1633 1063 1633 1063 1593 1082 1593
1572 244 1705 244 1705 249
2021 1563 2022 1563 2022 1599 2026 1599 2026 1702
2013 617 2013 644 1972 644 1972 645 1948 645
1462 69 1462 119 1465 119 1465 132
1013 401 1013 362 1012 362 1012 252
926 1541 930 1541 930 1434 953 1434 953 1410
1838 2007 1759 2007 1759 1856 1757 1856
966 1421 838 1421 838 1367 804 1367 804 1333
824 1482 783 1482 783 1498 717 1498 717 1500
674 1568 676 1568 676 1552
358 1543 335 1543 335 1567 286 1567 286 1637
1999 974 1999 900 1926 900 1926 840 1922 840
550 255 516 255 516 199 505 199 505 107
311 1831 244 1831 244 1865 223 1865 223 1942
167 335 202 335 202 372 300 372 300 414
149 133 162 133 162 171 274 171 274 185
817 20 889 20 889 101 928 101 928 120
1015 453 1021 453 1021 570 1027 570
1593 956 1565 956 1565 962
555 252 580 252 580 183 593 183 593 104
996 1528 960 1528 960 1495 854 1495 854 1429
1156 1287 1156 1221 1027 1221 1027 1186 997 1186
1392 358 1368 358 1368 372 1296 372 1296 376
1233 519 1241 519 1241 653 1255 653 1255 683
1843 950 1843 1023 1851 1023 1851 1108 1855 1108
990 733 1064 733 1064 702 1131 702 1131 608
247 1342 247 1360 188 1360 188 1384 106 1384
1455 249 1455 220 1550 220 1550 118 1602 118
364 300 384 300 384 326 463 326 463 344
926 1549 925 1549 925 1529 805 1529 805 1498
683 921 697 921 697 793 825 793 825 757
1846 28 1846 29 1819 29 1819 54 1807 54
1375 1177 1331 1177 1331 1223
1555 59 1521 59 1521 44
1351 6 1455 6 1455 56 1463 56 1463 118
1629 440 1629 436 1706 436 1706 422 1774 422
977 462 1062 462 1062 345 1136 345 1136 307
706 1703 706 1690 823 1690 823 1606
1092 798 1022 798 1022 745 949 745 949 673
178 1864 48 1864 48 1802 15 1802
2013 1155 2013 1131 1979 1131 1979 1002 1866 1002
2032 1063 2021 1063 2021 1088 2020 1088 2020 1189
1368 325 1368 311 1363 311 1363 286
544 1244 544 1243 542 1243 542 1105 520 1105
566 1438 566 1440 606 1440 606 1441 680 1441
1322 31 1323 31 1323 13 1460 13
1253 1204 1253 1193 1192 1193 1192 1139
868 1973 838 1973 838 1905 805 1905 805 1901
995 293 993 293 993 179 990 179 990 146
172 45 172 49 180 49 180 192 181 192
1406 466 1415 466 1415 511 1512 511
250 2 210 2 210 68 202 68
1665 82 1665 84 1714 84 1714 141 1732 141
897 135 920 135 920 1 977 1
1444 1431 1437 1431 1437 1438 1389 1438 1389 1463
644 1761 742 1761 742 1795 751 1795
177 1403 189 1403 189 1369 309 1369 309 1300
575 212 575 245 629 245 629 366 712 366
1029 1007 1028 1007 1028 973 960 973
525 1923 524 1923 524 1942 454 1942
718 1731 718 1704 641 1704 641 1608
1134 1475 1138 1475 1138 1432 1222 1432 1222 1396
1747 378 1591 378 1591 379
1390 1361 1390 1318 1391 1318 1391 1286
1545 1692 1545 1733 1571 1733 1571 1757 1633 1757
113 1565 113 1567 105 1567 105 1582 100 1582
1220 276 1221 276 1221 139 1250 139
1060 112 1060 77
1073 321 1073 325 1135 325 1135 442 1137 442
205 429 205 526 206 526 206 562 211 562
1370 415 1382 415 1382 403 1392 403 1392 383
1551 1603 1551 1599 1559 1599 1559 1453 1561 1453
652 1724 652 1726 737 1726 737 1753 774 1753
1139 1 1139 19 1257 19 1257 54 1259 54
38 341 49 341 49 445 175 445 175 472
1621 1845 1621 1844 1637 1844 1637 1826 1646 1826
1271 1514 1246 1514 1246 1438 1211 1438 1211 1386
844 540 844 529 912 529 912 416 1007 416
457 1089 497 1089 497 1154
1128 94 1205 94 1205 93
1044 1894 1045 1894 1045 2038 1150 2038
52 824 109 824 109 825
963 1050 963 991 961 991 961 975 959 975
1408 1258 1445 1258 1445 1410 1446 1410
2047 1139 2026 1139 2026 1161 1930 1161 1930 1245
515 1740 515 1751 484 1751 484 1889 480 1889
1498 1659 1582 1659 1582 1657
612 1073 560 1073 560 1065 517 1065 517 1060
655 1733 655 1742 803 1742 803 1745
1850 1563 1844 1563 1844 1469 1829 1469 1829 1468
939 1446 1075 1446 1075 1451
306 906 306 781 285 781 285 763
1581 1045 1582 1045 1582 1094 1612 1094 1612 1160
1112 1131 1185 1131 1185 1038 1274 1038
1066 892 1061 892 1061 910 1026 910
1989 697 1988 697 1988 623 1827 623 1827 608
390 922 410 922 410 949 427 949 427 1001
303 1942 447 1942 447 1945 452 1945
1370 1775 1370 1795 1371 1795 1371 1857
1686 355 1614 355 1614 354 1544 354
1532 510 1582 510 1582 538 1649 538 1649 567
1979 1541 1978 1541 1978 1495 1857 1495 1857 1434
1207 929 1188 929 1188 983 1178 983
2023 813 2022 813 2022 872 2000 872 2000 896
1085 649 1036 649 1036 515 1033 515
693 1523 724 1523 724 1403 752 1403 752 1394
1628 1164 1628 1197 1565 1197 1565 1295 1499 1295
184 94 183 94 183 194 46 194 46 251
738 351 738 427 805 427 805 512 825 512
1110 301 1060 301 1060 252 1011 252
252 286 306 286 306 237 388 237 388 184
329 57 301 57 301 74
1799 880 1816 880 1816 777 1903 777 1903 742
33 1981 60 1981 60 1910 117 1910
1621 153 1621 169 1567 169 1567 199 1546 199
142 1391 161 1391 161 1296 181 1296 181 1248
1871 1624 1871 1621 1974 1621 1974 1588
1749 1914 1740 1914 1740 1896 1636 1896 1636 1866
542 1327 387 1327
401 417 400 417 400 556 311 556 311 572
329 1439 330 1439 330 1309 357 1309
795 787 796 787 796 855 803 855 803 889
205 598 205 557 168 557 168 499 144 499
1365 616 1368 616 1368 649
10 1961 11 1961 11 1925 17 1925 17 1898
1006 1237 1014 1237 1014 1263 1117 1263 1117 1271
1131 408 1129 408 1129 419 1117 419 1117 525
67 0 67 31 123 31 123 39 125 39
956 1117 958 1117 958 1271 966 1271
1287 312 1214 312 1214 356 1172 356 1172 445
1430 451 1346 451 1346 518 1331 518
1721 1859 1721 2008 1794 2008 1794 2019 1820 2019
483 1414 397 1414 397 1432 367 1432 367 1471
1572 1620 1572 1647 1632 1647 1632 1698 1653 1698
1711 656 1785 656 1785 598
5 1905 6 1905 6 1968 59 1968
904 509 910 509 910 412
1020 677 1018 677 1018 607 1016 607
440 71 444 71 444 206
384 986 384 1046 455 1046 455 1098
606 1665 569 1665 569 1568 567 1568
576 1132 575 1132 575 1080 547 1080 547 1048
487 119 487 237 493 237 493 272 581 272
618 401 618 378 662 378 662 301 704 301
11 116 12 116 12 91 60 91
653 1322 653 1251 679 1251 679 1224 799 1224
1302 1259 1302 1249 1276 1249 1276 1230
668 1336 648 1336 648 1287
763 337 763 340 812 340 812 433
60 1653 94 1653 94 1622 144 1622 144 1615
138 1876 138 1882 243 1882 243 1908
1351 1905 1351 1812 1241 1812 1241 1773
811 993 802 993 802 1044 794 1044 794 1110
171 721 213 721 213 573 215 573
1494 350 1560 350 1560 348 1619 348
1486 1926 1485 1926 1485 1945 1482 1945 1482 1991
1855 397 1855 377 1864 377 1864 299
347 1866 321 1866 321 1890 197 1890 197 1943
41 290 32 290 32 220 5 220 5 153
80 1576 80 1561 98 1561 98 1559 112 1559
1255 184 1229 184 1229 124 1098 124 1098 105
36 1439 46 1439 46 1420
1751 1630 1791 1630 1791 1562 1892 1562 1892 1506
1321 29 1321 33 1454 33 1454 53
1567 1846 1562 1846 1562 1913 1456 1913 1456 1918
1913 1375 1910 1375 1910 1291
1971 1531 1971 1497 1947 1497 1947 1377 1874 1377
10 1218 10 1186 15 1186 15 1178 33 1178
1189 1276 1189 1240 1265 1240 1265 1221 1307 1221
675 1808 658 1808 658 1690 552 1690 552 1657
138 324 138 326 155 326 155 400 269 400
1763 1231 1765 1231 1765 1218 1815 1218
1580 1452 1580 1429 1539 1429 1539 1388
1116 68 1083 68 1083 81
882 570 962 570 962 476
1034 386 1034 387 1134 387 1134 498 1182 498
1044 171 1055 171 1055 168 1075 168
1292 156 1292 109 1218 109 1218 93 1171 93
1605 134 1537 134 1537 159 1493 159 1493 216
1255 1644 1255 1656 1290 1656 1290 1688
1696 721 1697 721 1697 594 1775 594
404 1032 374 1032 374 1096 258 1096 258 1182
1122 1099 1111 1099 1111 1156 1044 1156 1044 1204
1553 1382 1564 1382 1564 1369 1656 1369 1656 1298
1405 527 1330 527 1330 490 1309 490 1309 445
1907 1912 2047 1912 2047 1889
983 1083 989 1083 989 1013 1006 1013
1243 1941 1243 1938 1283 1938 1283 1870 1307 1870
1436 692 1436 688 1430 688 1430 549 1287 549
31 648 32 648 32 550 69 550
1274 1140 1274 1118 1377 1118 1377 1070
241 87 242 87 242 210 250 210
426 1386 492 1386 492 1314 503 1314 503 1245
405 16 421 16 421 66 462 66
2017 159 1945 159 1945 245 1884 245 1884 275
1114 586 1127 586 1127 673 1135 673
1894 2039 1755 2039 1755 1906 1744 1906
422 1416 398 1416 398 1482 358 1482
1950 1729 1931 1729 1931 1822 1927 1822 1927 1877
1630 1106 1629 1106 1629 1091 1589 1091 1589 1057
1665 481 1701 481 1701 570 1816 570 1816 641
153 475 265 475 265 498 277 498
1489 151 1513 151 1513 309 1627 309 1627 313
1933 1731 2046 1731 2046 1701
169 658 169 641 223 641 223 498 264 498
1880 1105 1827 1105 1827 1065 1781 1065 1781 1052
1192 1353 1192 1344 1270 1344 1270 1207 1316 1207
1653 1880 1702 1880 1702 1830 1722 1830 1722 1791
1314 594 1312 594 1312 682 1296 682
1561 934 1617 934 1617 928
1296 2009 1293 2009 1293 1966 1286 1966 1286 1957
1983 279 2042 279 2042 139
1010 1979 1009 1979 1009 1972 915 1972 915 1859
833 800 833 799 871 799 871 797
65 893 77 893 77 905 78 905 78 917
1724 1830 1724 1831 1718 1831 1718 1851 1713 1851
1989 1075 1828 1075 1828 1070
1364 1205 1356 1205 1356 1323 1308 1323
1059 723 1059 685 1116 685 1116 590 1141 590
232 347 232 354 282 354 282 449
1089 1825 1089 1827 1010 1827 1010 1951 994 1951
511 1544 568 1544 568 1548 659 1548 659 1637
577 1655 577 1619 694 1619 694 1580 729 1580
991 742 991 818 1076 818 1076 874 1113 874
734 794 833 794 833 785 881 785 881 735
1740 1767 1698 1767 1698 1825 1632 1825 1632 1841
1333 141 1317 141 1317 150
961 217 944 217 944 274 927 274 927 312
711 1132 726 1132 726 1213 862 1213 862 1258
740 354 741 354 741 431 750 431
1830 1310 1830 1260 1764 1260 1764 1170
314 2025 349 2025 349 1984
1293 1892 1319 1892 1319 1784 1457 1784 1457 1737
1050 583 1044 583 1044 599 1043 599 1043 601
57 943 61 943 61 879 65 879
953 169 938 169 938 196
513 433 494 433 494 374
1393 1884 1349 1884 1349 1887 1254 1887 1254 1912
226 506 226 546 349 546 349 549 373 549
1885 1049 1885 1050 1907 1050 1907 1086 1934 1086
790 358 790 297 707 297 707 199
1710 1 1760 1 1760 56 1834 56 1834 63
1211 1194 1173 1194 1173 1295 1107 1295 1107 1351
1651 1543 1651 1563 1691 1563 1691 1585
1529 898 1496 898 1496 980 1368 980 1368 982
1669 822 1669 877 1759 877 1759 962 1788 962
1516 784 1516 790 1517 790 1517 796 1521 796
1924 599 1918 599 1918 570
1236 56 1237 56 1237 1 1333 1
440 1420 379 1420 379 1333 287 1333 287 1304
1948 1397 1945 1397 1945 1537 1805 1537
1574 1275 1574 1284 1704 1284 1704 1401 1729 1401
910 557 945 557 945 510
1424 1187 1509 1187 1509 1249 1582 1249 1582 1260
743 279 848 279 848 235 856 235
1223 1894 1183 1894 1183 1840 1159 1840
408 1456 411 1456 411 1570 420 1570
1560 1601 1560 1528 1550 1528 1550 1465 1522 1465
221 1701 221 1673 184 1673 184 1580
721 97 740 97 740 90 811 90 811 84
375 1124 367 1124 367 1077 286 1077 286 1045
1853 1457 1760 1457 1760 1589 1732 1589 1732 1594
816 1799 809 1799 809 1821 788 1821
1399 738 1399 768 1522 768 1522 793 1537 793
553 1304 521 1304 521 1420 444 1420
993 629 992 629 992 688 986 688
1767 134 1777 134 1777 162 1882 162
2 593 2 530 81 530 81 457 85 457
1554 615 1432 615 1432 627
2045 927 2045 778 1922 778 1922 772
1260 158 1258 158 1258 110 1249 110 1249 107
1615 53 1606 53 1606 69 1478 69 1478 92
97 1868 97 1944 111 1944 111 2028 189 2028
1288 1661 1238 1661 1238 1808 1140 1808 1140 1821
21 319 21 360 33 360 33 393 56 393
270 1956 303 1956 303 1984 398 1984
649 619 644 619 644 607 588 607 588 576
1234 673 1234 664 1153 664 1153 602
318 534 318 627 313 627 313 629
1190 22 1191 22 1191 73 1258 73 1258 86
604 70 644 70 644 58 768 58 768 30
812 1090 812 992 780 992 780 981
1207 1260 1347 1260 1347 1372 1370 1372 1370 1418
192 1918 192 1929 293 1929 293 2007 322 2007
474 985 474 913 311 913 311 893
1923 1435 1908 1435 1908 1464 1874 1464
1241 1660 1239 1660 1239 1725 1196 1725 1196 1823
835 1267 843 1267 843 1300 963 1300 963 1417
945 1558 987 1558 987 1553 1098 1553
1402 294 1402 329 1457 329 1457 349 1487 349
472 1300 461 1300 461 1334 416 1334 416 1359
115 472 115 476 192 476 192 520 213 520
1032 865 1032 842 890 842 890 748
1530 1697 1530 1691 1565 1691 1565 1561 1572 1561
1061 158 1074 158 1074 141 1144 141
442 1366 442 1337 462 1337 462 1332
648 506 648 534 647 534 647 548 588 548
1429 160 1429 133 1475 133 1475 81
1848 694 1848 708 1858 708 1858 711 1881 711
824 589 886 589 886 675
1978 1431 1958 1431 1958 1350
935 1299 935 1307 1000 1307 1000 1357 1023 1357
1103 675 1103 686 1065 686 1065 826 1020 826
1163 1214 1170 1214 1170 1182 1189 1182 1189 1128
427 657 427 658 583 658 583 780
1421 851 1421 877 1413 877 1413 973 1394 973
729 1647 654 1647 654 1620
1101 1219 1148 1219 1148 1211 1203 1211 1203 1139
1682 837 1663 837 1663 909 1539 909
504 1037 504 970 516 970 516 956 655 956
246 1620 255 1620 255 1659 259 1659 259 1690
1748 1414 1741 1414 1741 1562 1740 1562
507 1888 507 1875 468 1875 468 1847
441 740 515 740 515 719 592 719 592 683
923 233 1051 233 1051 171 1062 171 1062 164
1625 83 1604 83 1604 44 1520 44
630 1089 673 1089 673 1070 689 1070 689 1036
577 144 577 105 491 105 491 54 486 54
634 585 634 573 581 573 581 471
155 1817 155 1816 94 1816 94 1806
1044 1560 1044 1554 954 1554 954 1529
345 574 345 544 243 544 243 428 210 428
176 497 176 541 148 541 148 592 143 592
198 347 205 347 205 302 290 302
1915 600 1916 600 1916 646 1969 646 1969 753
64 2028 65 2028 65 1919 186 1919
1789 1489 1790 1489 1790 1558 1810 1558
527 1172 527 1208 367 1208 367 1241
398 729 398 687 339 687 339 607 284 607
182 87 182 209 132 209 132 244
1774 398 1776 398 1776 527 1929 527 1929 545
969 1013 980 1013 980 991 1026 991
1223 994 1338 994 1338 995 1379 995 1379 998
1137 109 1137 139 1077 139 1077 249 1012 249
874 642 864 642 864 710 819 710
1839 372 1838 372 1838 478
1265 514 1265 593 1347 593 1347 624
1388 1107 1391 1107 1391 970 1395 970
1456 342 1458 342 1458 393 1561 393 1561 445
1583 638 1581 638 1581 516 1555 516
1486 438 1485 438 1485 466 1475 466
1438 409 1395 409 1395 339 1328 339 1328 335
1587 103 1605 103 1605 94 1619 94 1619 88
1206 692 1206 672 1130 672 1130 607 1055 607
1834 859 1834 744 1739 744 1739 712 1688 712
1079 1674 1132 1674 1132 1540 1176 1540 1176 1533
1467 362 1489 362 1489 355 1583 355 1583 214
1926 1021 2033 1021 2033 1105 2043 1105
228 151 231 151 231 134 328 134 328 4
124 466 124 473 200 473 200 488
1908 1053 1908 1032 2008 1032 2008 1028
1002 690 1025 690 1025 816 1084 816 1084 840
25 686 35 686 35 683 183 683 183 660
85 1196 68 1196 68 1197 61 1197 61 1210
103 1847 117 1847 117 1839 146 1839 146 1832
1677 869 1688 869 1688 801 1723 801 1723 779
771 699 770 699 770 603 740 603
2029 171 2010 171 2010 138 1965 138 1965 110
299 1747 299 1773 265 1773 265 1778 212 1778
516 1220 521 1220 521 1286 601 1286 601 1377
1159 148 1159 158 1228 158 1228 186 1258 186
227 1193 227 1280
1369 733 1437 733 1437 623 1439 623
679 1576 688 1576 688 1532 751 1532
1510 631 1527 631 1527 696 1608 696 1608 783
1534 574 1534 567 1630 567 1630 443 1687 443
569 1978 560 1978 560 1968 474 1968 474 1905
1628 1485 1628 1484 1691 1484 1691 1349
1983 525 1984 525 1984 415
220 373 201 373 201 350 71 350 71 300
1060 1293 1110 1293 1110 1334 1117 1334 1117 1375
606 608 558 608 558 603 454 603 454 601
384 276 389 276 389 241 434 241
199 2015 112 2015 112 2018
565 1494 537 1494 537 1519
856 2036 857 2036 857 2028 942 2028
478 635 478 612 548 612 548 480 580 480
23 626 23 684 90 684 90 708 122 708
2007 1471 2007 1472 2044 1472 2044 1497
1167 1958 1167 1851 1291 1851 1291 1840
186 1144 186 1176 168 1176 168 1218 143 1218
1420 1567 1420 1598 1465 1598 1465 1683 1509 1683
62 1063 220 1063 220 1085
1802 1916 1704 1916 1704 1910 1688 1910
1964 660 1964 649 1913 649 1913 627
823 1035 823 1049 916 1049 916 1086
506 453 512 453 512 405 572 405 572 305
332 25 237 25 237 123 231 123
466 1932 449 1932 449 1854 343 1854 343 1835
1586 1850 1563 1850 1563 1935
1698 500 1700 500 1700 573 1761 573
789 1784 790 1784 790 1786 885 1786 885 1939
1102 682 1058 682 1058 702 1045 702 1045 826
1737 275 1737 267 1718 267 1718 147 1669 147
847 731 847 713 768 713 768 655 745 655
1229 521 1229 503 1132 503 1132 425 1096 425
560 322 560 291 482 291 482 180 476 180
1487 243 1487 244 1486 244 1486 274 1360 274
361 214 384 214 384 123 418 123 418 74
32 137 32 16 172 16 172 15
1618 354 1618 350 1664 350 1664 349 1680 349
261 480 220 480 220 616 136 616
461 1158 444 1158 444 1076 315 1076 315 1045
1023 894 1024 894 1024 933 1039 933
495 904 494 904 494 901 382 901
388 1996 414 1996 414 1974 447 1974
608 640 658 640 658 547 725 547 725 517
5 694 6 694 6 564 72 564
917 1753 901 1753 901 1830 808 1830 808 1835
330 1600 298 1600 298 1715
15 52 37 52 37 179 101 179
550 1813 549 1813 549 1817 497 1817
854 1295 863 1295 863 1204 1018 1204 1018 1186
1432 1481 1412 1481 1412 1407 1394 1407 1394 1331
1361 1116 1340 1116 1340 1031 1285 1031 1285 998
1063 1774 1063 1773 1125 1773 1125 1626 1135 1626
314 1925 436 1925 436 1843 477 1843
801 1280 801 1223 804 1223 804 1142 807 1142
297 260 297 264 135 264 135 325
460 1982 460 1941 433 1941 433 1873 322 1873
39 1173 39 1100 78 1100 78 1072
127 263 159 263 159 241 234 241
1602 49 1602 73 1487 73 1487 153
255 339 251 339 251 267 184 267 184 244
598 1078 577 1078 577 1224 565 1224
1208 890 1208 894 1361 894 1361 896
1680 1224 1680 1164 1643 1164 1643 1151
1039 467 1014 467 1014 469 975 469
1713 863 1713 824 1674 824 1674 715
1487 1008 1538 1008 1538 1049 1581 1049 1581 1064
312 381 349 381 349 373 450 373 450 262
840 1248 877 1248 877 1219
1582 1742 1615 1742 1615 1642 1715 1642 1715 1578
1860 1343 1871 1343 1871 1480 1875 1480
1619 971 1619 994 1548 994 1548 1028
1147 1499 1123 1499 1123 1400 1116 1400 1116 1344
1643 1912 1647 1912 1647 1921 1690 1921 1690 1922
1930 1173 1885 1173 1885 1115 1829 1115 1829 1026
1644 1006 1503 1006 1503 1011
1267 1988 1277 1988 1277 1960
1888 1340 1873 1340 1873 1370 1856 1370 1856 1458
1833 214 1777 214 1777 238
1963 1284 1962 1284 1962 1170 1926 1170 1926 1145
1984 1740 2022 1740 2022 1879
1295 1763 1320 1763 1320 1807 1395 1807 1395 1918
500 1244 520 1244 520 1288 580 1288
675 274 646 274 646 374 614 374
1073 1199 1073 1178 1186 1178 1186 1082 1215 1082
1140 1433 1141 1433 1141 1447 1175 1447
890 969 890 880 1020 880 1020 872
966 50 982 50 982 105
1027 1777 1026 1777 1026 1754
1107 1489 1101 1489 1101 1466 1087 1466 1087 1407
613 1155 617 1155 617 1039 622 1039
386 1558 537 1558 537 1675 538 1675
1018 1356 1097 1356 1097 1287 1119 1287 1119 1223
1727 1945 1727 1942 1819 1942 1819 1865 1874 1865
1035 1066 923 1066 923 1036
1537 1255 1557 1255 1557 1333 1595 1333
869 803 902 803 902 796 974 796 974 730
390 143 485 143 485 259 491 259
809 529 793 529 793 601 682 601 682 622
948 706 948 750 901 750 901 797 844 797
222 1526 222 1521 219 1521 219 1520 204 1520
1206 1635 1194 1635 1194 1731 1161 1731
1107 914 1115 914 1115 867 1192 867 1192 791
281 878 182 878 182 918
161 1527 166 1527 166 1491 191 1491 191 1469
499 581 534 581 534 560
1045 603 1134 603 1134 630 1200 630 1200 631
628 1904 611 1904 611 1926 517 1926 517 1940
1064 1108 1064 1139 1086 1139 1086 1183 1135 1183
57 1467 58 1467 58 1468 189 1468
1752 1983 1752 2004 1613 2004 1613 2012
413 1678 413 1688 304 1688 304 1785 300 1785
98 1610 98 1613 45 1613 45 1700
1832 1986 1832 1973 1873 1973 1873 1942 1874 1942
814 1438 814 1328 810 1328 810 1315 809 1315
192 107 226 107 226 108 252 108 252 143
271 720 325 720 325 780 404 780 404 820
492 1275 493 1275 493 1315 562 1315 562 1436
784 1110 748 1110 748 1156 736 1156
1230 970 1361 970 1361 982 1382 982
1329 1467 1327 1467 1327 1361
525 948 656 948 656 1004 682 1004
1845 151 1845 115 1769 115 1769 106
1411 163 1415 163 1415 230 1438 230 1438 276
1246 1719 1234 1719 1234 1801 1227 1801 1227 1829
80 1709 80 1720 207 1720 207 1786 215 1786
1987 892 1996 892 1996 897
1425 1210 1458 1210 1458 1170 1548 1170
194 1959 71 1959 71 1920
1455 1245 1453 1245 1453 1195 1403 1195 1403 1129
1894 1094 1917 1094 1917 1132 2002 1132 2002 1213
604 1885 603 1885 603 1833 536 1833
237 775 237 750 227 750 227 643 219 643
559 1356 559 1425 533 1425 533 1447
348 1271 352 1271 352 1260 410 1260 410 1221
651 1115 651 1189
1452 1341 1451 1341 1451 1279 1347 1279
1492 880 1492 868 1569 868 1569 771 1589 771
627 1866 657 1866 657 1838 725 1838 725 1710
35 698 50 698 50 838 138 838 138 842
1061 436 1057 436 1057 308 1044 308 1044 300
578 1131 541 1131 541 1222 513 1222 513 1290
314 1006 272 1006 272 1061 201 1061
1397 1150 1397 1141 1302 1141 1302 1092 1237 1092
901 898 901 1030
776 810 704 810 704 811
805 1004 805 1003 946 1003 946 977
1484 698 1546 698 1546 677 1558 677
1851 1466 1854 1466 1854 1369 1861 1369 1861 1353
603 1007 603 998 678 998 678 871 681 871
1225 216 1225 195 1280 195 1280 160
1769 2041 1796 2041 1796 2030 1843 2030 1843 2002
1060 1466 1020 1466 1020 1498 906 1498 906 1564
272 1221 272 1211 314 1211 314 1145
360 293 360 221 330 221 330 218
1026 1215 974 1215 974 1272 946 1272 946 1277
1817 1259 1803 1259 1803 1194 1791 1194
1100 537 1073 537 1073 602 1049 602 1049 628
1098 155 1098 157 1155 157 1155 160 1159 160
1200 1384 1277 1384 1277 1454 1312 1454
813 1861 809 1861 809 1868 673 1868 673 1914
1003 1241 1003 1161 918 1161 918 1127
424 1696 424 1707 294 1707 294 1711
333 491 416 491 416 618 489 618 489 655
1761 318 1698 318 1698 369 1631 369
1776 142 1719 142 1719 165
1933 1165 1933 1169 1966 1169 1966 1314 1989 1314
280 471 279 471 279 385
445 1045 490 1045 490 1079
234 1591 234 1571 197 1571 197 1515
984 979 982 979 982 1136
380 1675 380 1671 366 1671 366 1659 331 1659
1854 871 1963 871 1963 852 2004 852
1503 1149 1481 1149 1481 1133 1458 1133 1458 1044
1124 1253 1124 1264 998 1264 998 1374 986 1374
328 529 329 529 329 461 333 461
628 561 628 564 578 564 578 654
1382 597 1382 538 1328 538 1328 501 1266 501
1427 265 1458 265 1458 266 1509 266 1509 429
1708 800 1657 800 1657 807 1626 807 1626 817
583 1033 576 1033 576 1097
1325 225 1325 183 1254 183 1254 166 1230 166
642 1779 611 1779 611 1866 551 1866 551 1875
1807 900 1915 900 1915 832 1964 832 1964 746
1986 1602 1925 1602 1925 1574 1894 1574
1096 77 1096 95 1138 95 1138 109 1185 109
92 957 92 963 83 963 83 978 39 978
1793 1454 1793 1540 1837 1540 1837 1614
154 1297 154 1315 157 1315 157 1358
1043 526 1047 526 1047 555
390 1129 390 1075 361 1075 361 1015 319 1015
420 1325 402 1325 402 1304 311 1304
1782 571 1851 571 1851 614 1893 614 1893 668
804 1219 757 1219 757 1238 722 1238 722 1373
667 550 679 550 679 665 765 665
1348 510 1348 523 1194 523 1194 528
1591 1593 1591 1592 1592 1592 1592 1583
258 684 258 683 253 683 253 580 221 580
1508 1240 1508 1250 1579 1250 1579 1274
1029 1088 1009 1088 1009 988 973 988
857 903 871 903 871 1000
1276 1088 1267 1088 1267 1207
1579 504 1591 504 1591 482 1634 482 1634 472
1160 1925 1163 1925 1163 1836 1211 1836 1211 1773
1815 851 1815 863 1747 863 1747 962
1464 1643 1399 1643 1399 1665
564 1065 564 1045 517 1045 517 994 491 994
423 1061 366 1061 366 1007 331 1007 331 926
803 635 820 635 820 588 866 588 866 561
149 1963 130 1963 130 2010
1859 1087 1891 1087 1891 1141
80 817 58 817 58 696 54 696
1636 360 1641 360 1641 278 1800 278 1800 240
1523 1235 1589 1235 1589 1221 1667 1221 1667 1195
421 682 304 682 304 695
101 836 98 836 98 958 56 958 56 999
89 1782 89 1772 61 1772 61 1707 27 1707
847 930 796 930 796 857 784 857 784 849
1564 153 1563 153 1563 155 1542 155 1542 227
1511 476 1512 476 1512 356
1764 1857 1813 1857 1813 1876
775 1361 775 1332 818 1332 818 1316 879 1316
340 1222 339 1222 339 1221 252 1221
1685 421 1690 421 1690 268 1724 268
1321 69 1412 69 1412 48
296 1804 296 1825 434 1825 434 1882
1638 532 1656 532 1656 544 1774 544
793 1477 793 1445 905 1445 905 1317 950 1317
468 659 390 659 390 648 374 648
841 1739 896 1739 896 1761 899 1761
1213 1895 1170 1895 1170 2002 1076 2002
22 15 39 15 39 27 163 27 163 36
1562 1411 1543 1411 1543 1397
1206 97 1206 110 1230 110 1230 219 1366 219
1183 1125 1155 1125 1155 1071 1118 1071 1118 1017
954 35 955 35 955 197
949 1417 915 1417 915 1370 856 1370
1492 1961 1492 1960 1643 1960 1643 1956
1481 60 1481 117 1572 117 1572 194 1597 194
72 1843 72 1836 85 1836 85 1828
66 220 69 220 69 199 194 199
1442 240 1442 157 1479 157 1479 76 1561 76
364 930 381 930 381 786
741 1924 762 1924 762 1898 902 1898 902 1798
1938 519 1961 519 1961 572
566 586 566 482 637 482 637 448
1675 677 1667 677 1667 602
1824 302 1855 302 1855 284 1936 284 1936 252
816 977 816 904 772 904 772 858
76 1440 76 1474 22 1474 22 1487 21 1487
938 98 933 98 933 251
2012 842 2012 745 1976 745 1976 732
503 90 501 90 501 103
1325 1120 1371 1120 1371 988 1375 988
1629 2012 1681 2012 1681 1897 1711 1897
542 897 542 932 660 932 660 1009
1380 1354 1381 1354 1381 1345 1413 1345
969 1370 977 1370 977 1241 1050 1241
1460 766 1481 766 1481 763 1573 763
432 407 432 329 345 329 345 289
443 1264 485 1264 485 1316 557 1316 557 1339
587 1255 587 1269 602 1269 602 1386 695 1386
1795 2032 1793 2032 1793 2019 1782 2019
244 223 237 223 237 197 227 197 227 164
332 997 361 997 361 887 461 887
873 1099 814 1099 814 978 733 978 733 952
619 1957 618 1957 618 1966 471 1966 471 1969
777 249 841 249 841 263 845 263
622 1930 644 1930 644 1939 766 1939 766 1947
756 215 756 210 726 210 726 148
933 582 966 582 966 445 1048 445
642 599 582 599 582 592 515 592
1743 139 1743 106 1748 106 1748 85
392 858 428 858 428 737 442 737
1343 1038 1351 1038 1351 1017 1362 1017 1362 936
695 2032 741 2032 741 2002 808 2002
911 385 912 385 912 279 921 279
1938 221 1924 221 1924 207 1859 207 1859 189
63 1106 63 1061 120 1061 120 1058 157 1058
1390 923 1390 924 1365 924 1365 1058 1350 1058
105 1976 78 1976 78 1969 61 1969 61 1895
1883 1480 1883 1481 2023 1481 2023 1598 2035 1598
1454 520 1396 520 1396 440 1344 440 1344 403
1312 370 1318 370 1318 247 1321 247
1757 169 1759 169 1759 98 1849 98 1849 89
1690 818 1750 818 1750 851 1761 851 1761 862
1389 1599 1389 1595 1481 1595 1481 1496 1544 1496
1928 2007 1913 2007 1913 2031 1829 2031
1570 1743 1467 1743 1467 1725 1429 1725
810 544 802 544 802 474
1232 1414 1223 1414 1223 1385 1095 1385 1095 1379
72 624 207 624 207 751 234 751
1107 686 1107 681 1098 681 1098 624 1084 624
221 1239 301 1239 301 1251 328 1251
740 1817 740 1797 821 1797 821 1787
1916 1673 1916 1682 1783 1682 1783 1684
392 1520 392 1534 438 1534 438 1535 491 1535
1322 28 1322 50 1397 50 1397 153
1531 1077 1565 1077 1565 1011 1640 1011 1640 985
497 555 496 555 496 434 342 434
367 1808 356 1808 356 1913 288 1913 288 1925
244 1481 229 1481 229 1467 228 1467 228 1466
1231 1501 1231 1504 1121 1504 1121 1533 1086 1533
1442 759 1442 746 1462 746 1462 714
1056 1713 1056 1721 1098 1721 1098 1861
870 180 869 180 869 188 763 188
298 1004 271 1004 271 1050 207 1050
919 1431 967 1431 967 1375 999 1375 999 1315
481 2032 489 2032 489 1950
323 1030 274 1030 274 1088 183 1088 183 1175
1798 210 1798 208 1934 208 1934 98
912 960 912 897 853 897 853 850 842 850
615 205 607 205 607 210 585 210
1353 1233 1352 1233 1352 1199 1328 1199
1605 207 1533 207 1533 167 1453 167 1453 43
469 1415 469 1416 441 1416 441 1539 428 1539
398 410 397 410 397 415 357 415
778 549 778 615 732 615 732 653 715 653
230 1863 230 1859 86 1859 86 1773
188 1223 187 1223 187 1133 176 1133
498 261 481 261 481 217 346 217 346 158
1432 752 1427 752 1427 753
1517 1296 1517 1341 1629 1341 1629 1405 1634 1405
65 1670 67 1670 67 1832
1551 904 1457 904 1457 828 1387 828
1427 1636 1418 1636 1418 1772 1409 1772
1702 279 1755 279 1755 285 1810 285 1810 297
1701 1440 1683 1440 1683 1365
183 1310 183 1399 138 1399 138 1423 98 1423
1155 1566 1155 1559 1183 1559 1183 1538 1209 1538
2014 1399 2000 1399 2000 1488
62 1362 62 1436 82 1436 82 1484 90 1484
647 1755 647 1743 580 1743 580 1681
970 1679 985 1679 985 1640 1016 1640 1016 1550
876 1820 845 1820 845 1871 738 1871 738 1967
876 1768 893 1768 893 1818 924 1818 924 1914
1962 861 1962 842 1967 842 1967 788
809 628 787 628 787 610
1840 1957 1836 1957 1836 1962 1788 1962 1788 1966
1605 184 1605 183 1626 183 1626 181 1685 181
1769 1609 1769 1529 1809 1529 1809 1494 1850 1494
1272 1427 1272 1424 1157 1424 1157 1395
219 521 218 521 218 565 119 565
1111 1400 1111 1396 1098 1396 1098 1372
1270 1335 1274 1335 1274 1332 1368 1332 1368 1282
732 1593 732 1612 765 1612 765 1661
343 1432 343 1493 243 1493 243 1555 188 1555
130 1244 133 1244 133 1258
2021 1228 2008 1228 2008 1297 1929 1297 1929 1333
280 980 279 980 279 977 254 977 254 962
215 668 215 642 280 642 280 547 321 547
1869 1890 1869 1878 1882 1878 1882 1865 1893 1865
1599 431 1599 349 1640 349 1640 268 1677 268
427 1613 372 1613 372 1515 352 1515
1317 512 1317 513 1264 513 1264 673
316 888 316 905 456 905 456 1012
112 1888 118 1888 118 1965 153 1965
568 724 572 724 572 723 678 723 678 578
821 1264 821 1259 781 1259 781 1215 742 1215
165 1157 165 1123 34 1123 34 1074
1151 1530 1131 1530 1131 1567 1088 1567 1088 1630
1549 1810 1549 1756 1667 1756 1667 1670 1683 1670
652 1425 652 1399 728 1399 728 1311
2014 943 2014 899 1961 899 1961 805 1872 805
1536 1999 1481 1999 1481 1961 1468 1961
1951 521 1811 521 1811 537 1806 537
222 1702 267 1702 267 1684 360 1684
1342 1150 1316 1150 1316 1219 1181 1219 1181 1271
1099 1473 1085 1473 1085 1407 995 1407
1280 1543 1299 1543 1299 1510 1370 1510 1370 1425
1953 331 1937 331 1937 360 1921 360
709 731 709 690 707 690 707 686 692 686
1364 305 1364 295 1380 295 1380 282 1391 282
2017 984 2016 984 2016 881 2013 881
1690 1988 1686 1988 1686 1840 1680 1840 1680 1826
1208 72 1271 72 1271 44 1276 44 1276 29
200 301 197 301 197 377 150 377 150 441
1892 408 1892 420 2010 420 2010 457 2020 457
1160 1439 1241 1439 1241 1426 1297 1426
546 268 545 268 545 198 508 198 508 121
253 1244 253 1300 358 1300 358 1330 377 1330
998 677 963 677 963 714 952 714
309 1514 308 1514 308 1550 259 1550
567 768 567 773 695 773 695 780
627 1294 626 1294 626 1242 594 1242
816 1012 816 1050 889 1050 889 1091 900 1091
1960 1630 1972 1630 1972 1743 2015 1743 2015 1786
460 354 373 354 373 338
155 540 161 540 161 496 187 496 187 446
1565 1186 1590 1186 1590 1145 1632 1145 1632 1144
48 364 47 364 47 505
1470 1300 1470 1439 1424 1439 1424 1450
1406 832 1429 832 1429 979 1484 979
1224 1411 1224 1359 1201 1359 1201 1345
1007 1146 1007 1143 1140 1143 1140 1142
1969 251 1969 261 1959 261 1959 350 1938 350
847 274 847 226 831 226 831 221
858 515 854 515 854 676 825 676
661 79 662 79 662 62 664 62 664 25
362 839 249 839 249 806 223 806 223 783
1781 1820 1781 1854 1727 1854 1727 1909
1966 587 1992 587 1992 682
324 1510 361 1510 361 1487 382 1487
152 1452 136 1452 136 1304 119 1304
11 221 11 298 115 298 115 318
380 1341 380 1303 252 1303 252 1271 230 1271
163 1124 125 1124 125 1204 87 1204
210 1592 278 1592 278 1655 319 1655
1671 1352 1671 1423 1622 1423 1622 1429
2002 1703 2002 1644 1855 1644 1855 1553
744 1840 745 1840 745 1841 750 1841 750 1850
1870 1229 1927 1229 1927 1340 1986 1340
790 291 681 291 681 273 658 273 658 220
259 1793 259 1789 236 1789 236 1675 202 1675
1173 629 1173 627 1122 627 1122 475 1115 475
1272 2006 1245 2006 1245 1974 1184 1974 1184 1876
1181 1905 1181 1935 1321 1935 1321 1979
701 1086 742 1086 742 1150 754 1150
211 389 211 266 187 266 187 237
1730 1696 1730 1725 1699 1725 1699 1826 1674 1826
871 250 875 250 875 226 895 226 895 159
475 1157 475 1159 351 1159 351 1202 325 1202
1372 1359 1372 1342 1311 1342 1311 1284
1071 1559 1075 1559 1075 1533
558 1989 558 1985 441 1985 441 1855 400 1855
1918 2001 1813 2001 1813 2005
64 814 68 814 68 762 129 762 129 742
1096 1348 1096 1318 1023 1318 1023 1256 986 1256
924 991 924 986 898 986 898 914
790 1471 790 1428 764 1428 764 1424 751 1424
517 1696 515 1696 515 1587 397 1587 397 1535
1491 1699 1491 1690 1564 1690 1564 1557 1623 1557
507 1109 504 1109 504 1186 422 1186 422 1266
864 1428 864 1402 882 1402 882 1370
852 713 866 713 866 727 908 727 908 749
1582 1221 1512 1221 1512 1267
904 1179 899 1179 899 1163 812 1163 812 1138
1416 872 1416 876 1380 876 1380 893 1342 893
549 1410 441 1410 441 1316 404 1316
1860 424 2009 424 2009 449
187 450 266 450 266 493 351 493 351 505
1391 1669 1391 1573 1455 1573 1455 1544 1456 1544
123 591 123 617 184 617 184 725 188 725
1592 1965 1591 1965 1591 1883 1577 1883
1815 296 1815 303 1851 303 1851 334 1873 334
1571 1949 1646 1949 1646 1964
913 772 924 772 924 675 944 675 944 657
1190 1372 1278 1372 1278 1449 1316 1449 1316 1531
780 1765 780 1833 841 1833 841 1845
206 61 206 62 60 62 60 80
1704 745 1806 745 1806 844 1832 844
602 1968 602 1884 549 1884 549 1867 535 1867
463 1352 445 1352 445 1289 311 1289 311 1236
1801 1531 1813 1531 1813 1471 1870 1471 1870 1402
253 8 296 8 296 169 308 169
216 1828 216 1881 148 1881 148 1901
1353 1629 1353 1718 1289 1718 1289 1773
1918 1242 1802 1242 1802 1219 1787 1219
336 1136 336 1134 295 1134 295 1101
932 1014 916 1014 916 1044 827 1044 827 1131
1990 1887 2017 1887 2017 1900 2044 1900 2044 1917
37 613 76 613 76 563 90 563 90 532
62 1176 59 1176 59 1332 58 1332
542 1268 604 1268 604 1261 621 1261
886 216 886 205 729 205 729 145 722 145
1878 342 1878 339 1882 339 1882 300 1901 300
506 165 506 52 437 52 437 20 379 20
1135 1581 1135 1656 1050 1656 1050 1723 1017 1723
269 875 268 875 268 1023 222 1023
1657 770 1609 770 1609 801 1554 801
1068 1808 1068 1822 1180 1822 1180 1916 1197 1916
811 1225 808 1225 808 1227 786 1227 786 1229
1371 2007 1371 2005 1252 2005 1252 1983
734 1605 734 1611 766 1611 766 1667 883 1667
1303 1098 1314 1098 1314 1081 1317 1081 1317 1076
447 1415 497 1415 497 1361 585 1361 585 1357
631 198 676 198 676 199 701 199 701 213
1157 681 1157 677 1104 677 1104 631 1100 631
1865 1551 1865 1560 1789 1560 1789 1577 1723 1577
1812 536 1812 545 1763 545 1763 684 1762 684
105 177 130 177 130 193 220 193 220 225
968 625 968 610 988 610 988 477
1982 329 1975 329 1975 273 1971 273
1012 1190 903 1190 903 1189 874 1189 874 1187
1542 235 1555 235 1555 324
1993 1054 1992 1054 1992 1104 1961 1104
1684 1408 1684 1350 1680 1350 1680 1338
950 445 950 470 989 470 989 526 1034 526
288 1143 288 1281 276 1281 276 1283 255 1283
438 1739 430 1739 430 1612 404 1612 404 1591
628 184 628 206 611 206 611 282 581 282
292 955 292 948 310 948 310 875 348 875
1547 1290 1485 1290 1485 1412 1413 1412 1413 1429
1520 1916 1520 1946 1463 1946 1463 1982 1446 1982
1034 1600 1018 1600 1018 1698 952 1698 952 1757
1858 1468 1858 1403 1941 1403 1941 1332 1980 1332
766 663 739 663 739 538 623 538
1159 1651 1181 1651 1181 1617
517 1831 516 1831 516 1814 511 1814 511 1792
1652 657 1608 657 1608 630 1601 630
579 297 579 296 610 296 610 209 712 209
580 1085 580 1090 652 1090 652 1120 722 1120
524 106 574 106 574 127 580 127
1651 91 1643 91 1643 149 1597 149
843 1196 888 1196 888 1187 908 1187 908 1166
852 967 761 967 761 968 726 968 726 1089
593 421 593 377 663 377 663 326 735 326
79 1972 109 1972 109 2011 233 2011 233 2023
508 1788 489 1788 489 1705
683 2020 729 2020 729 2003 810 2003 810 1964
835 51 834 51 834 100
283 327 283 265 119 265 119 243
227 2025 292 2025 292 1966
1113 171 1113 170 1126 170 1126 12 1158 12
185 1110 259 1110 259 1124 344 1124 344 1135
1740 715 1794 715 1794 607 1850 607 1850 577
1126 895 1126 919 1063 919 1063 1012 1024 1012
248 2043 248 1950 189 1950 189 1911 185 1911
382 581 382 577 464 577 464 495 492 495
1338 625 1338 658 1382 658 1382 702 1457 702
1946 730 1902 730 1902 771 1809 771 1809 843
379 579 344 579 344 583 279 583 279 584
941 1752 942 1752 942 1811 1002 1811 1002 1837
36 1208 36 1174 84 1174 84 1173
1122 386 1122 344 1076 344 1076 247 1031 247
1080 652 1080 659 955 659 955 693
300 1697 300 1779 278 1779 278 1798
326 508 271 508 271 399 187 399 187 363
1427 1053 1427 1030 1546 1030 1546 935 1589 935
453 579 453 583 559 583 559 606
771 2000 771 1963 789 1963 789 1880 813 1880
1201 308 1179 308 1179 241 1154 241 1154 208
1187 1816 1188 1816 1188 1869 1241 1869
296 1293 381 1293 381 1411 417 1411
1634 885 1570 885 1570 903 1508 903
584 1700 585 1700 585 1558 591 1558
647 160 642 160 642 163
527 2046 432 2046 432 1954 401 1954 401 1947
1653 259 1653 197 1645 197 1645 107
1228 106 1287 106 1287 86 1351 86
888 579 893 579 893 586
769 1097 810 1097 810 1181 875 1181 875 1187
433 1304 403 1304 403 1312
1579 64 1640 64 1640 168 1667 168 1667 219
1377 508 1386 508 1386 459 1423 459 1423 418
98 325 105 325 105 275 208 275
266 857 274 857 274 865 359 865 359 996
362 1198 362 1246 494 1246 494 1304 516 1304
520 263 515 263 515 213 494 213
205 1639 164 1639 164 1667 48 1667
1623 1077 1623 968 1712 968 1712 938 1740 938
4 1834 5 1834 5 1686 32 1686
1271 2042 1157 2042 1157 2037
780 1031 780 1030 880 1030 880 946
886 232 898 232 898 142 923 142
1628 1380 1628 1383 1521 1383 1521 1488 1502 1488
767 139 767 140 626 140 626 185 617 185
1635 510 1635 520 1668 520 1668 637 1688 637
740 1327 761 1327 761 1314 904 1314
2041 115 2040 115 2040 50 2019 50
762 385 762 386 764 386 764 426
1185 792 1178 792 1178 758 1121 758
1299 1143 1299 1146 1384 1146 1384 1267 1412 1267
1726 1436 1754 1436 1754 1536 1759 1536
808 1374 714 1374 714 1250 695 1250
586 80 542 80 542 96
901 1728 901 1726 830 1726 830 1585 810 1585
1050 1486 1089 1486 1089 1572 1093 1572 1093 1625
486 19 458 19 458 22 443 22 443 46
1042 1735 1001 1735 1001 1666 976 1666 976 1592
921 461 921 423 964 423 964 404
1940 768 2024 768 2024 921 2027 921
1390 992 1390 981 1373 981 1373 931 1351 931
1708 1623 1761 1623 1761 1706 1849 1706 1849 1741
1041 1931 1023 1931 1023 2031 970 2031
111 1437 111 1435 245 1435 245 1427 260 1427
1712 89 1712 214 1586 214 1586 224
1723 861 1723 840 1804 840 1804 721 1833 721
1091 1598 1091 1576 1233 1576 1233 1441
1018 153 1018 125 861 125 861 112
1403 38 1424 38 1424 1 1436 1
1097 1696 1097 1743 949 1743 949 1744
1884 913 1885 913 1885 924 1893 924
986 1205 986 1222 1027 1222 1027 1255 1071 1255
1289 1441 1289 1429 1306 1429 1306 1333 1386 1333
1274 114 1274 77 1148 77 1148 72
683 1382 578 1382 578 1476 530 1476 530 1499
168 1818 251 1818 251 1829
1534 1586 1535 1586 1535 1748 1537 1748
956 230 956 216 1025 216 1025 153
485 65 401 65 401 61 367 61 367 47
481 1261 441 1261 441 1307 388 1307
644 815 644 752 625 752 625 724 624 724
325 1237 328 1237 328 1216 333 1216 333 1154
902 451 902 483 850 483 850 515 773 515
992 1224 909 1224 909 1263 905 1263 905 1288
781 467 803 467 803 499 896 499
330 1487 330 1473 368 1473 368 1451 403 1451
529 1955 529 1865 561 1865 561 1831
829 824 791 824 791 841 688 841
1931 1868 1931 1842 2044 1842 2044 1837
257 139 257 131 278 131 278 32 294 32
1952 1705 1870 1705 1870 1833 1862 1833
612 1778 620 1778 620 1816 621 1816 621 1942
843 1885 869 1885 869 1984 872 1984
767 580 766 580 766 488 755 488
981 41 1015 41 1015 167 1061 167 1061 196
840 819 840 820 854 820 854 889
734 1572 734 1526 690 1526 690 1415 590 1415
14 27 14 133 22 133 22 180 89 180
1391 951 1428 951 1428 948 1437 948 1437 869
741 1536 770 1536 770 1656 782 1656 782 1659
992 871 979 871 979 844 900 844 900 839
1406 502 1406 528 1266 528 1266 624
760 141 777 141 777 219 844 219 844 225
1146 1200 1145 1200 1145 1209 1067 1209
610 111 720 111 720 96
16 1030 16 942 30 942 30 870 88 870
1052 1008 1113 1008 1113 1080 1146 1080 1146 1153
1364 930 1475 930 1475 907
648 1910 648 1938 755 1938 755 1985 759 1985
976 719 976 689 1126 689 1126 611
1838 1110 1838 964 1875 964 1875 951
999 1667 999 1696 887 1696 887 1753
44 1951 43 1951 43 1897 5 1897 5 1846
596 1309 596 1362 565 1362 565 1450 547 1450
1755 1147 1744 1147 1744 1088 1648 1088 1648 1052
1074 1651 1028 1651 1028 1677
1803 1066 1803 1117 1850 1117 1850 1210
183 1747 191 1747
1125 109 1124 109 1124 98 1083 98 1083 82
109 1402 109 1401 99 1401 99 1369
1144 1711 1145 1711 1145 1732 1171 1732 1171 1824
1594 687 1589 687 1589 758 1478 758
1872 621 1879 621 1879 669
1695 540 1695 532 1687 532 1687 435 1657 435
1275 1367 1279 1367 1279 1395
1166 811 1177 811 1177 879 1206 879
228 1880 228 1815 208 1815 208 1719 155 1719
1130 1075 1147 1075 1147 1127 1156 1127
442 1982 449 1982 449 1973 556 1973
1804 1229 1816 1229 1816 1203 1939 1203
1030 1555 1017 1555 1017 1697
1355 840 1355 838 1199 838 1199 737
275 631 214 631 214 679 164 679
367 1780 367 1729 343 1729 343 1726
867 1311 853 1311 853 1217 794 1217 794 1182
264 943 264 892 253 892 253 886 195 886
377 1763 431 1763 431 1749 454 1749 454 1729
863 1013 872 1013 872 994
588 1729 574 1729 574 1704 435 1704 435 1682
761 640 794 640 794 674
1219 1020 1215 1020 1215 984
549 847 537 847 537 943
1306 240 1306 245 1430 245 1430 254
1002 823 1002 827 1071 827 1071 888 1113 888
106 685 140 685 140 729
882 481 876 481 876 419 866 419 866 376
1173 921 1173 1057 1134 1057 1134 1064
299 943 252 943 252 998 184 998
730 103 730 201 871 201 871 223 875 223
792 56 792 71 756 71 756 111
704 1794 704 1679 848 1679 848 1648
635 2027 740 2027 740 1923 757 1923 757 1888
184 2030 200 2030 200 2007 269 2007 269 1932
1175 103 1176 103 1176 147 1182 147 1182 240
2041 585 2040 585 2040 643 2021 643
45 1076 46 1076 46 922 47 922
208 1820 193 1820 193 1880 187 1880
1400 154 1400 175 1406 175 1406 192 1407 192
863 294 863 264 879 264 879 136 906 136
1031 1220 1031 1153 1049 1153 1049 1093 1089 1093
10 87 11 87 11 50 122 50
870 907 870 979 733 979 733 1027
220 1937 245 1937 245 1897 324 1897
122 1716 115 1716 115 1693
826 1303 826 1365 904 1365 904 1432 933 1432
1386 1912 1387 1912 1387 1959 1457 1959 1457 1969
2043 1307 2042 1307 2042 1304 1973 1304
721 896 720 896 720 902 713 902 713 906
558 602 558 599 469 599
1662 617 1661 617 1661 523 1646 523
1462 2011 1462 2004 1298 2004 1298 1942
1126 1999 1126 1890 1121 1890 1121 1884 1120 1884
2 195 1 195 1 51
1695 596 1677 596 1677 565 1553 565
1993 1880 1993 1800 1921 1800 1921 1742
208 844 247 844 247 807
882 1363 915 1363 915 1355 951 1355 951 1349
652 512 699 512 699 464 775 464 775 364
441 550 425 550 425 475 391 475
1710 240 1769 240 1769 281 1821 281 1821 294
356 267 344 267 344 352 255 352 255 392
116 271 106 271 106 221 40 221 40 217
714 47 714 60 828 60 828 125
1217 1073 1318 1073 1318 1140 1333 1140
1099 1535 1099 1560 963 1560 963 1640 935 1640
1172 1064 1172 1173 1147 1173 1147 1214 1139 1214
1605 1166 1605 1167 1662 1167 1662 1175
786 1256 785 1256 785 1168 763 1168 763 1096
1955 62 1933 62 1933 179 1860 179 1860 180
23 277 24 277 24 146 31 146
745 1776 882 1776 882 1785
564 721 533 721 533 742 444 742 444 855
521 991 521 882 477 882 477 838 448 838
4 1621 4 1633 158 1633 158 1648
753 1129 752 1129 752 1162 671 1162
1723 1930 1723 1934 1701 1934 1701 1983
853 2041 853 1992 896 1992 896 1886 926 1886
593 972 592 972 592 1013 576 1013
450 1048 376 1048 376 960 294 960 294 949
1047 1588 1047 1625 1105 1625 1105 1639 1173 1639
1239 341 1239 337 1205 337 1205 303 1196 303
658 448 658 458 684 458 684 559 704 559
347 523 385 523 385 461 404 461 404 413
336 1091 336 1016 271 1016 271 958 178 958
1833 1221 1956 1221 1956 1162 1965 1162
155 1113 190 1113 190 1129
1663 29 1663 162 1657 162 1657 192
683 1170 695 1170 695 1246 710 1246
2001 287 2000 287 2000 223 1895 223
1563 46 1563 52 1571 52 1571 59 1572 59
917 1299 970 1299 970 1356
61 14 61 74 41 74 41 152 40 152
289 526 289 525 239 525 239 434 158 434
2 1069 2 1151 47 1151 47 1152 67 1152
1949 712 1973 712 1973 774 1990 774
1181 878 1181 833 1238 833 1238 827 1301 827
1702 443 1689 443 1689 558
1581 697 1582 697 1582 644 1602 644
1664 665 1664 643 1649 643 1649 531 1538 531
967 1717 967 1740 980 1740 980 1747 1051 1747
232 1664 200 1664 200 1616 71 1616 71 1615
1084 1551 1084 1428 1041 1428 1041 1410
1249 621 1249 488 1182 488 1182 467
1636 1683 1758 1683 1758 1681
1870 1138 1870 1144 1869 1144 1869 1200
121 929 121 979 65 979 65 1085
164 61 164 81 166 81 166 110 170 110
1597 1173 1597 1165 1604 1165 1604 1097 1612 1097
1026 2039 1026 1970 1025 1970 1025 1937
1186 457 1161 457 1161 379
135 1624 153 1624 153 1752 154 1752
96 1674 103 1674 103 1713 206 1713 206 1815
898 269 901 269 901 153 969 153 969 121
1007 344 970 344 970 265 947 265
428 1356 383 1356 383 1292 267 1292 267 1196
33 78 34 78 34 161 36 161
409 237 431 237 431 305 507 305
950 9 948 9 948 35 938 35 938 36
810 1803 861 1803 861 1784
741 1789 741 1834 852 1834 852 1939
1744 393 1744 414 1792 414 1792 513
1766 1928 1812 1928 1812 1906 1817 1906
491 704 463 704 463 685 425 685 425 684
647 724 661 724 661 694 709 694 709 574
725 471 849 471 849 381 863 381
1518 1625 1518 1618 1517 1618 1517 1615 1514 1615
521 1628 519 1628 519 1638 384 1638
722 322 722 309 762 309 762 165
1633 1803 1631 1803 1631 1825 1596 1825 1596 1865
566 306 566 292 452 292 452 255 419 255
1691 1704 1722 1704 1722 1709 1846 1709 1846 1760
1007 19 1098 19 1098 31 1171 31 1171 156
66 1509 66 1508 197 1508 197 1480
124 595 173 595 173 563 205 563
579 874 606 874 606 835 635 835 635 827
395 1431 325 1431 325 1487 237 1487 237 1518
1753 1529 1753 1559 1849 1559 1849 1672 1917 1672
492 809 505 809 505 769 614 769 614 666
1587 1422 1587 1400 1650 1400 1650 1312
1703 481 1703 480 1725 480 1725 430
813 1489 784 1489 784 1520
1390 448 1288 448 1288 468
1317 255 1312 255 1312 355 1301 355
672 1218 812 1218 812 1245 817 1245
1944 1226 1867 1226 1867 1259
2036 1870 2036 1928 1986 1928 1986 1938 1948 1938
210 119 210 127 140 127 140 141 138 141
6 150 13 150 13 105 34 105
1041 238 994 238 994 218 957 218
796 468 796 528 812 528 812 619 916 619
293 1674 293 1712 297 1712 297 1823
427 2006 400 2006 400 1972 310 1972 310 1930
1887 1766 1897 1766 1897 1732 1961 1732 1961 1637
278 1170 271 1170 271 1242 126 1242
1781 1773 1781 1716 1732 1716 1732 1690
507 715 507 673 389 673 389 630 373 630
1851 1268 1852 1268 1852 1366 1860 1366
1119 1672 1051 1672 1051 1724 996 1724 996 1756
720 10 696 10 696 67
1034 1004 1034 1008 985 1008 985 1027 917 1027
224 1835 224 1764 293 1764 293 1693 305 1693
164 899 162 899 162 835 48 835 48 756
847 2009 943 2009 943 2028 976 2028
526 856 514 856 514 814 491 814
1289 1243 1419 1243 1419 1209
499 1889 499 1891 452 1891 452 1936 354 1936
1450 300 1428 300 1428 358
1958 1677 1957 1677 1957 1669 1858 1669
1072 320 1071 320 1071 337 971 337
4 1197 34 1197 34 1172 79 1172
56 358 55 358 55 305 11 305
1004 392 1004 373 1038 373 1038 352 1129 352
579 942 579 952 489 952 489 999 440 999
1164 145 1164 140 1143 140 1143 32
1617 177 1617 209 1561 209 1561 270 1537 270
45 747 45 759 67 759 67 900 103 900
1245 79 1170 79 1170 119 1160 119
498 1053 487 1053 487 1071 403 1071 403 1101
92 1651 92 1615 134 1615 134 1560
356 711 356 744 284 744 284 807 271 807
1655 322 1800 322 1800 426
846 846 919 846
1432 124 1454 124 1454 67 1509 67 1509 61
443 1932 444 1932 444 1781 480 1781
377 1903 377 1807 307 1807 307 1774
1005 1302 1014 1302 1014 1311 1024 1311 1024 1321
133 271 154 271 154 325
1797 839 1797 748 1738 748 1738 707 1637 707
489 1831 489 1816 526 1816 526 1730 533 1730
1092 1528 1073 1528 1073 1448 1064 1448
709 1303 709 1388 560 1388 560 1439 552 1439
767 347 767 350 810 350 810 353 815 353
1589 454 1516 454 1516 512 1434 512 1434 516
374 1586 374 1519 414 1519 414 1494
1591 1572 1601 1572 1601 1412
1851 1575 1851 1646 1917 1646 1917 1661
1889 659 1889 671 1822 671 1822 742
6 262 7 262 7 327 154 327 154 348
1839 879 1845 879 1845 827
1279 1151 1279 1097 1306 1097 1306 1023 1339 1023
1348 856 1348 863 1339 863 1339 875
1397 1553 1345 1553 1345 1516
1597 708 1590 708 1590 760 1531 760 1531 779
573 2023 573 1993 589 1993 589 1975 601 1975
1742 991 1756 991 1756 939
1358 815 1358 876 1313 876 1313 939
1690 1102 1690 1093 1570 1093 1570 1089
1808 1501 1794 1501 1794 1463 1707 1463
1497 847 1510 847 1510 856
943 1864 944 1864 944 1973 993 1973 993 2004
644 1709 644 1727 690 1727 690 1788 699 1788
184 1268 184 1233 218 1233 218 1148 288 1148
481 1396 470 1396 470 1336 446 1336 446 1278
589 1885 538 1885 538 1875
834 200 995 200 995 228
1571 894 1544 894 1544 938 1539 938 1539 940
372 2046 302 2046 302 1932
1010 1999 914 1999 914 1960 855 1960 855 1908
792 791 792 786 809 786 809 712
45 1548 46 1548 46 1668 127 1668 127 1676
2044 529 2043 529 2043 526 1910 526
471 1829 471 1871 530 1871 530 1928 573 1928
28 1699 29 1699 29 1608 93 1608
1182 1852 1182 1930 1322 1930 1322 1970
1985 1339 2009 1339 2009 1280 2014 1280
123 849 123 707 95 707 95 690
1326 286 1325 286 1325 284 1198 284 1198 226
1010 987 968 987 968 1048 872 1048
765 1521 750 1521 750 1434 727 1434
276 963 276 947 308 947 308 874 324 874
83 2045 24 2045 24 2038
795 262 792 262 792 306 680 306 680 379
1023 765 1030 765 1030 770 1044 770 1044 771
982 611 1007 611 1007 573
1700 1874 1700 1873 1595 1873 1595 1822 1583 1822
484 231 484 214 440 214 440 182
1278 821 1278 786 1383 786 1383 689 1430 689
1485 158 1474 158 1474 218 1465 218 1465 234
552 1628 554 1628 554 1553 614 1553 614 1473
1821 97 1821 81 1670 81 1670 72
1353 1335 1354 1335 1354 1178 1358 1178
117 1486 117 1327 118 1327 118 1325 246 1325
1248 994 1248 1033 1262 1033 1262 1055
366 1730 366 1797 293 1797 293 1820 255 1820
1721 892 1767 892 1767 938 1798 938
540 2003 572 2003 572 1973 621 1973 621 1958
610 617 610 616 560 616 560 517 465 517
1918 998 2014 998 2014 1114
1630 1942 1675 1942 1675 2003 1680 2003
574 211 548 211 548 111 493 111
966 1095 916 1095 916 1137 902 1137 902 1160
1066 1304 1094 1304 1094 1314 1134 1314
1732 1717 1732 1753 1766 1753 1766 1781 1818 1781
1239 1345 1239 1433 1215 1433 1215 1502 1129 1502
1978 948 1919 948 1919 887 1850 887 1850 886
2013 1624 2016 1624 2016 1633 2025 1633 2025 1654
768 345 784 345 784 370 794 370 794 379
837 1743 821 1743 821 1689 747 1689 747 1621
1591 1834 1561 1834 1561 1839 1539 1839 1539 1840
360 890 360 886 339 886 339 884
253 1284 345 1284 345 1257 359 1257 359 1236
327 1200 322 1200 322 1190
1367 1096 1368 1096 1368 1056 1511 1056
1032 1535 1032 1559 962 1559 962 1618 876 1618
694 1869 810 1869 810 1865
1504 1571 1533 1571 1533 1579 1536 1579
1650 1257 1649 1257 1649 1244 1535 1244 1535 1231
1948 1566 1946 1566 1946 1417 1927 1417
150 584 89 584 89 730
1753 61 1712 61 1712 44
348 634 348 606 358 606 358 581
953 770 939 770 939 832 809 832 809 851
15 750 15 842 123 842 123 897 126 897
1488 1287 1513 1287 1513 1264 1556 1264
1642 938 1618 938 1618 978 1497 978
1229 1637 1304 1637 1304 1733 1374 1733 1374 1782
1608 1447 1608 1463 1554 1463 1554 1497 1522 1497
788 1691 810 1691 810 1778 821 1778
1430 448 1430 447 1429 447 1429 426
200 1207 217 1207 217 1142
975 448 976 448 976 608 981 608
528 1906 502 1906 502 1959 414 1959 414 1971
1696 797 1658 797 1658 908 1537 908 1537 916
1832 1017 1754 1017 1754 914 1748 914
1539 720 1536 720 1536 647 1400 647 1400 556
1370 1185 1399 1185 1399 1043 1404 1043
264 1227 251 1227 251 1135 156 1135
356 1630 356 1640 270 1640 270 1644 252 1644
788 1031 788 1079 885 1079 885 1088 900 1088
1109 1128 1108 1128 1108 1074 952 1074 952 1072
711 1771 670 1771 670 1867 562 1867 562 1874
1821 1009 1821 937 1785 937 1785 879
1927 1999 1970 1999 1970 1971
982 1946 983 1946 983 1965 1063 1965
405 1378 405 1387 440 1387 440 1485 499 1485
1481 39 1482 39 1482 60 1594 60 1594 64
678 971 664 971 664 919 642 919 642 844
1246 1112 1238 1112 1238 1141
1491 1466 1493 1466 1493 1495 1546 1495
57 1148 51 1148 51 1254 36 1254
1136 615 1265 615 1265 581 1278 581 1278 569
1957 808 1848 808 1848 818 1803 818
1373 581 1355 581 1355 660 1352 660
1305 1341 1245 1341 1245 1274 1201 1274 1201 1223
322 197 304 197 304 227 209 227 209 258
613 1080 613 1113 601 1113 601 1117 595 1117
749 731 781 731 781 669 848 669 848 606
1315 54 1315 57 1474 57 1474 65
1253 548 1255 548 1255 481 1385 481 1385 477
1098 716 1098 833 1107 833 1107 842
1619 548 1619 558 1545 558 1545 695
1313 1175 1225 1175 1225 1082 1180 1082 1180 1055
1553 1342 1556 1342 1556 1389 1563 1389 1563 1404
1422 906 1430 906 1430 782 1560 782 1560 762
1735 338 1713 338 1713 377 1582 377 1582 466
857 1356 825 1356 825 1303 758 1303 758 1227
257 1468 257 1404 157 1404 157 1401
829 344 829 343 854 343 854 257
351 505 352 505 352 506 367 506 367 510
1762 1531 1762 1493 1920 1493 1920 1464
611 550 611 527 647 527 647 409 682 409
811 1088 811 1106 742 1106 742 1145 685 1145
146 1179 140 1179 140 1219 93 1219 93 1323
746 196 746 160 804 160 804 123
464 736 468 736 468 724 514 724 514 722
1204 1767 1212 1767 1212 1866 1232 1866 1232 1917
1435 1916 1435 1899 1405 1899 1405 1877 1383 1877
1801 393 1831 393 1831 368 1960 368 1960 282
915 1136 915 1069
349 797 349 817 363 817 363 880 470 880
1919 858 1956 858 1956 729 1979 729 1979 696
2024 475 2007 475 2007 581 1987 581
250 1669 250 1599 344 1599 344 1552
1626 822 1617 822 1617 852 1520 852 1520 881
1206 39 1206 57 1297 57 1297 95 1341 95
76 392 77 392 77 266 90 266
136 1535 32 1535 32 1380
644 91 746 91 746 112 780 112 780 186
1914 930 1914 893 1791 893 1791 864
91 2042 110 2042 110 1989 231 1989 231 1980
1340 727 1295 727 1295 635 1271 635
1852 227 1894 227 1894 217
894 1740 822 1740 822 1686 745 1686
501 425 501 329 561 329 561 264 574 264
712 1942 647 1942 647 1869 619 1869 619 1780
44 652 77 652 77 562 87 562 87 519
749 1463 696 1463 696 1387 590 1387 590 1374
1599 903 1635 903 1635 788 1714 788
1865 330 1869 330 1869 294 1949 294 1949 179
52 1648 52 1569 71 1569 71 1514 95 1514
1368 443 1368 444 1414 444 1414 445 1481 445
725 506 734 506 734 510 765 510 765 511
508 818 506 818 506 888 364 888 364 920
988 1032 988 1051 830 1051 830 1127
524 325 493 325 493 405 443 405
1657 603 1657 615 1610 615 1610 631
1879 0 1879 102 1789 102 1789 136
1038 1046 1038 1041 1112 1041 1112 1038 1164 1038
981 869 980 869 980 843 942 843
705 1435 708 1435 708 1402 836 1402 836 1391
1382 119 1382 129 1347 129 1347 176 1255 176
173 1358 268 1358 268 1520 304 1520
1488 1108 1594 1108 1594 1094
56 659 57 659 57 682 182 682
308 653 284 653 284 690 240 690
1522 327 1510 327 1510 286 1412 286 1412 252
484 1271 484 1359 472 1359 472 1385 443 1385
1081 1049 1165 1049 1165 1010 1238 1010 1238 936
1736 1321 1791 1321 1791 1323 1892 1323
23 1190 24 1190 24 1059 96 1059
376 580 376 533 253 533 253 527
837 738 811 738 811 786
255 1888 254 1888 254 1816 160 1816 160 1813
252 926 265 926 265 856 304 856 304 782
492 264 453 264 453 218 332 218 332 170
1239 84 1127 84 1127 112 1076 112
430 922 420 922 420 948
1090 1778 985 1778 985 1777
953 823 954 823 954 838 1115 838
748 1835 814 1835 814 1888 846 1888
388 324 388 317 430 317 430 276
1399 163 1396 163 1396 110 1318 110 1318 89
1151 1223 1151 1294 1102 1294 1102 1358 1063 1358
32 963 32 1032 115 1032 115 1051
384 1601 384 1610 355 1610 355 1639 228 1639
826 199 821 199 821 265 813 265
133 1750 51 1750 51 1777 24 1777 24 1870
740 153 785 153 785 152 789 152
1738 1165 1669 1165 1669 1162 1620 1162 1620 1161
123 70 175 70 175 78 218 78
191 1269 329 1269 329 1231 350 1231 350 1216
10 1440 134 1440 134 1484 141 1484 141 1513
1490 1491 1522 1491 1522 1460 1555 1460 1555 1439
672 309 686 309 686 354 725 354 725 415
1942 1404 1941 1404 1941 1566 1888 1566
47 937 47 944 61 944 61 984 164 984
